,station,year,month,day,hour,precip,wind_speed,wind_gust,distance,category
0,CSAP4,2005,7,5,18,0.2539997100830078,4.920000076293945,13.40999984741211,500.95968559215453,1.0
1,CSAP4,2005,7,5,19,1.2700004577636719,2.680000066757202,11.170000076293945,500.95968559215453,1.0
2,CSAP4,2005,7,5,20,0.2539997100830078,3.5799999237060547,5.809999942779541,500.95968559215453,1.0
3,CSAP4,2005,7,5,21,10.160000801086426,3.130000114440918,5.809999942779541,500.95968559215453,1.0
4,CSAP4,2005,7,5,22,0.7619991302490234,4.019999980926514,9.84000015258789,500.95968559215453,1.0
5,CSAP4,2005,7,5,23,0.0,4.920000076293945,9.84000015258789,500.95968559215453,1.0
6,CSAP4,2005,7,6,0,2.285999298095703,3.5799999237060547,6.699999809265137,500.95968559215453,1.0
7,CSAP4,2005,10,22,12,0.0,3.5799999237060547,6.260000228881836,276.75287169504145,0.0
8,CSAP4,2005,10,22,13,0.0,6.260000228881836,9.390000343322754,276.75287169504145,0.0
9,CSAP4,2005,10,22,14,1.52398681640625,6.260000228881836,9.390000343322754,276.75287169504145,0.0
10,CSAP4,2005,10,22,15,0.0,6.699999809265137,12.960000038146973,276.75287169504145,0.0
11,CSAP4,2005,10,22,16,0.25396728515625,6.260000228881836,9.84000015258789,276.75287169504145,0.0
12,CSAP4,2005,10,22,17,0.0,5.809999942779541,11.170000076293945,276.75287169504145,0.0
13,CSAP4,2005,10,22,18,8.8900146484375,6.699999809265137,9.84000015258789,276.75287169504145,0.0
14,CSAP4,2005,10,22,18,8.8900146484375,6.699999809265137,9.84000015258789,288.59676291539984,1.0
15,CSAP4,2005,10,22,19,1.77801513671875,4.019999980926514,12.069999694824219,288.59676291539984,1.0
16,CSAP4,2005,10,22,20,2.2860107421875,0.44999998807907104,4.46999979019165,288.59676291539984,1.0
17,CSAP4,2005,10,22,21,5.0799560546875,4.46999979019165,7.599999904632568,288.59676291539984,1.0
18,CSAP4,2005,10,22,22,0.2540283203125,2.2300000190734863,9.84000015258789,288.59676291539984,1.0
19,CSAP4,2005,10,22,23,0.0,2.2300000190734863,4.46999979019165,288.59676291539984,1.0
20,CSAP4,2005,10,23,0,1.0159912109375,2.680000066757202,4.46999979019165,288.59676291539984,1.0
21,CSAP4,2005,10,23,0,1.0159912109375,2.680000066757202,4.46999979019165,360.0635213390576,2.0
22,CSAP4,2005,10,23,1,0.0,2.680000066757202,4.46999979019165,360.0635213390576,2.0
23,CSAP4,2005,10,23,2,0.0,2.2300000190734863,4.019999980926514,360.0635213390576,2.0
24,CSAP4,2005,10,23,3,0.0,1.7899999618530273,4.019999980926514,360.0635213390576,2.0
25,CSAP4,2005,10,23,6,0.0,2.2300000190734863,3.130000114440918,360.0635213390576,2.0
26,CSAP4,2005,11,14,18,0.25396728515625,4.019999980926514,7.599999904632568,486.97347578636277,0.0
27,CSAP4,2005,11,14,19,0.0,4.46999979019165,8.9399995803833,486.97347578636277,0.0
28,CSAP4,2005,11,14,20,0.0,3.130000114440918,6.699999809265137,486.97347578636277,0.0
29,CSAP4,2005,11,14,21,0.0,1.7899999618530273,6.260000228881836,486.97347578636277,0.0
30,CSAP4,2005,11,14,22,0.0,1.7899999618530273,3.130000114440918,486.97347578636277,0.0
31,CSAP4,2005,11,14,23,0.0,2.2300000190734863,4.019999980926514,486.97347578636277,0.0
32,CSAP4,2005,11,15,0,0.0,2.2300000190734863,5.809999942779541,486.97347578636277,0.0
33,CSAP4,2005,11,15,0,0.0,2.2300000190734863,5.809999942779541,443.82905683880205,0.0
34,CSAP4,2005,11,15,1,0.0,2.2300000190734863,4.920000076293945,443.82905683880205,0.0
35,CSAP4,2005,11,15,2,0.0,2.2300000190734863,5.369999885559082,443.82905683880205,0.0
36,CSAP4,2005,11,15,3,0.0,3.5799999237060547,5.369999885559082,443.82905683880205,0.0
37,CSAP4,2005,11,15,4,0.2540283203125,2.680000066757202,4.46999979019165,443.82905683880205,0.0
38,CSAP4,2005,11,15,5,0.0,3.5799999237060547,6.260000228881836,443.82905683880205,0.0
39,CSAP4,2005,11,15,6,0.0,2.2300000190734863,3.5799999237060547,443.82905683880205,0.0
40,CSAP4,2005,11,15,6,0.0,2.2300000190734863,3.5799999237060547,412.24724642468874,1.0
41,CSAP4,2005,11,15,7,0.0,3.130000114440918,4.920000076293945,412.24724642468874,1.0
42,CSAP4,2005,11,15,8,0.0,2.680000066757202,5.809999942779541,412.24724642468874,1.0
43,CSAP4,2005,11,15,9,0.0,2.680000066757202,4.920000076293945,412.24724642468874,1.0
44,CSAP4,2005,11,15,10,0.0,2.2300000190734863,5.369999885559082,412.24724642468874,1.0
45,CSAP4,2005,11,15,11,0.0,1.340000033378601,3.5799999237060547,412.24724642468874,1.0
46,CSAP4,2005,11,15,12,0.0,0.8999999761581421,5.369999885559082,412.24724642468874,1.0
47,CSAP4,2005,11,15,12,0.0,0.8999999761581421,5.369999885559082,409.50484747111165,1.0
48,CSAP4,2005,11,15,13,0.0,3.130000114440918,6.699999809265137,409.50484747111165,1.0
49,CSAP4,2005,11,15,14,0.0,6.260000228881836,9.390000343322754,409.50484747111165,1.0
50,CSAP4,2005,11,15,15,0.0,4.920000076293945,9.84000015258789,409.50484747111165,1.0
51,CSAP4,2005,11,15,16,0.0,5.809999942779541,9.84000015258789,409.50484747111165,1.0
52,CSAP4,2005,11,15,17,0.0,5.369999885559082,10.729999542236328,409.50484747111165,1.0
53,CSAP4,2005,11,15,18,0.0,5.809999942779541,8.9399995803833,409.50484747111165,1.0
54,CSAP4,2006,8,2,6,0.0,0.8999999761581421,3.130000114440918,434.14409023109295,3.0
55,CSAP4,2006,8,2,7,0.0,1.7899999618530273,3.5799999237060547,434.14409023109295,3.0
56,CSAP4,2006,8,2,8,0.0,0.44999998807907104,2.680000066757202,434.14409023109295,3.0
57,CSAP4,2006,8,2,9,0.0,0.8999999761581421,2.680000066757202,434.14409023109295,3.0
58,CSAP4,2006,8,2,10,0.0,1.7899999618530273,3.130000114440918,434.14409023109295,3.0
59,CSAP4,2006,8,2,11,0.0,0.8999999761581421,3.5799999237060547,434.14409023109295,3.0
60,CSAP4,2006,8,2,12,0.0,1.7899999618530273,3.5799999237060547,434.14409023109295,3.0
61,CSAP4,2006,8,2,12,0.0,1.7899999618530273,3.5799999237060547,363.0686435564797,3.0
62,CSAP4,2006,8,2,13,0.0,1.7899999618530273,3.5799999237060547,363.0686435564797,3.0
63,CSAP4,2006,8,2,14,0.0,2.680000066757202,4.019999980926514,363.0686435564797,3.0
64,CSAP4,2006,8,2,15,0.0,3.130000114440918,5.369999885559082,363.0686435564797,3.0
65,CSAP4,2006,8,2,16,0.0,3.130000114440918,4.920000076293945,363.0686435564797,3.0
66,CSAP4,2006,8,2,17,0.0,2.680000066757202,4.46999979019165,363.0686435564797,3.0
67,CSAP4,2006,8,2,18,0.0,1.7899999618530273,4.46999979019165,363.0686435564797,3.0
68,CSAP4,2006,8,2,18,0.0,1.7899999618530273,4.46999979019165,307.06759583480675,3.0
69,CSAP4,2006,8,2,19,0.0,2.2300000190734863,5.809999942779541,307.06759583480675,3.0
70,CSAP4,2006,8,2,20,0.0,1.340000033378601,3.5799999237060547,307.06759583480675,3.0
71,CSAP4,2006,8,2,21,0.0,1.7899999618530273,4.019999980926514,307.06759583480675,3.0
72,CSAP4,2006,8,2,22,0.0,0.8999999761581421,2.680000066757202,307.06759583480675,3.0
73,CSAP4,2006,8,2,23,0.0,1.7899999618530273,2.680000066757202,307.06759583480675,3.0
74,CSAP4,2006,8,3,0,0.0,0.44999998807907104,2.2300000190734863,307.06759583480675,3.0
75,CSAP4,2006,8,3,0,0.0,0.44999998807907104,2.2300000190734863,262.2441891810471,3.0
76,CSAP4,2006,8,3,1,0.0,0.0,2.2300000190734863,262.2441891810471,3.0
77,CSAP4,2006,8,3,2,0.0,0.0,1.7899999618530273,262.2441891810471,3.0
78,CSAP4,2006,8,3,3,0.0,1.340000033378601,2.2300000190734863,262.2441891810471,3.0
79,CSAP4,2006,8,3,4,0.0,1.7899999618530273,3.130000114440918,262.2441891810471,3.0
80,CSAP4,2006,8,3,5,0.0,2.2300000190734863,2.680000066757202,262.2441891810471,3.0
81,CSAP4,2006,8,3,6,0.0,1.340000033378601,3.130000114440918,262.2441891810471,3.0
82,CSAP4,2006,8,3,6,0.0,1.340000033378601,3.130000114440918,249.6163054789713,1.0
83,CSAP4,2006,8,3,7,0.0,0.44999998807907104,3.130000114440918,249.6163054789713,1.0
84,CSAP4,2006,8,3,8,0.0,0.0,0.0,249.6163054789713,1.0
85,CSAP4,2006,8,3,9,0.0,0.44999998807907104,1.7899999618530273,249.6163054789713,1.0
86,CSAP4,2006,8,3,10,0.0,0.0,2.680000066757202,249.6163054789713,1.0
87,CSAP4,2006,8,3,11,0.0,0.0,2.680000066757202,249.6163054789713,1.0
88,CSAP4,2006,8,3,12,0.0,1.340000033378601,2.680000066757202,249.6163054789713,1.0
89,CSAP4,2006,8,3,12,0.0,1.340000033378601,2.680000066757202,272.22487927860783,1.0
90,CSAP4,2006,8,3,13,1.2698974609375,3.130000114440918,4.019999980926514,272.22487927860783,1.0
91,CSAP4,2006,8,3,14,1.01611328125,0.8999999761581421,3.130000114440918,272.22487927860783,1.0
92,CSAP4,2006,8,3,15,1.2698974609375,0.44999998807907104,3.5799999237060547,272.22487927860783,1.0
93,CSAP4,2006,8,3,16,0.2540283203125,1.7899999618530273,3.130000114440918,272.22487927860783,1.0
94,CSAP4,2006,8,3,17,0.2540283203125,1.340000033378601,2.680000066757202,272.22487927860783,1.0
95,CSAP4,2006,8,3,18,0.2540283203125,0.8999999761581421,2.680000066757202,272.22487927860783,1.0
96,CSAP4,2006,8,3,18,0.2540283203125,0.8999999761581421,2.680000066757202,325.04216527024187,0.0
97,CSAP4,2006,8,3,19,0.761962890625,2.680000066757202,4.920000076293945,325.04216527024187,0.0
98,CSAP4,2006,8,3,20,0.0,2.2300000190734863,3.130000114440918,325.04216527024187,0.0
99,CSAP4,2006,8,3,21,0.0,2.680000066757202,3.5799999237060547,325.04216527024187,0.0
100,CSAP4,2006,8,3,22,0.0,2.2300000190734863,3.5799999237060547,325.04216527024187,0.0
101,CSAP4,2006,8,3,23,0.0,2.2300000190734863,4.46999979019165,325.04216527024187,0.0
102,CSAP4,2006,8,4,0,0.0,0.8999999761581421,2.680000066757202,325.04216527024187,0.0
103,CSAP4,2006,8,25,12,0.0,4.019999980926514,7.150000095367432,480.58359776100133,1.0
104,CSAP4,2006,8,25,13,0.25390625,5.369999885559082,8.9399995803833,480.58359776100133,1.0
105,CSAP4,2006,8,25,14,0.0,7.150000095367432,12.520000457763672,480.58359776100133,1.0
106,CSAP4,2006,8,25,15,0.0,6.260000228881836,8.9399995803833,480.58359776100133,1.0
107,CSAP4,2006,8,25,16,0.0,6.699999809265137,12.069999694824219,480.58359776100133,1.0
108,CSAP4,2006,8,25,17,0.0,7.599999904632568,12.069999694824219,480.58359776100133,1.0
109,CSAP4,2006,8,25,18,0.0,9.390000343322754,13.40999984741211,480.58359776100133,1.0
110,CSAP4,2006,8,25,18,0.0,9.390000343322754,13.40999984741211,453.04432992872614,1.0
111,CSAP4,2006,8,25,19,1.27001953125,7.599999904632568,12.520000457763672,453.04432992872614,1.0
112,CSAP4,2006,8,25,20,11.176025390625,4.46999979019165,10.729999542236328,453.04432992872614,1.0
113,CSAP4,2006,8,25,21,0.2540283203125,2.2300000190734863,9.390000343322754,453.04432992872614,1.0
114,CSAP4,2006,8,25,22,0.0,1.340000033378601,4.920000076293945,453.04432992872614,1.0
115,CSAP4,2006,8,25,23,0.0,3.130000114440918,4.46999979019165,453.04432992872614,1.0
116,CSAP4,2006,8,26,0,0.0,3.130000114440918,4.920000076293945,453.04432992872614,1.0
117,CSAP4,2007,8,17,18,0.0,5.809999942779541,11.619999885559082,462.8712671556313,5.0
118,CSAP4,2007,8,17,19,0.0,7.150000095367432,15.640000343322754,462.8712671556313,5.0
119,CSAP4,2007,8,17,20,0.0,7.599999904632568,13.40999984741211,462.8712671556313,5.0
120,CSAP4,2007,8,17,21,0.0,6.699999809265137,14.3100004196167,462.8712671556313,5.0
121,CSAP4,2007,8,17,22,0.0,5.809999942779541,11.619999885559082,462.8712671556313,5.0
122,CSAP4,2007,8,17,23,0.0,4.920000076293945,9.390000343322754,462.8712671556313,5.0
123,CSAP4,2007,8,18,0,0.0,7.599999904632568,11.619999885559082,462.8712671556313,5.0
124,CSAP4,2007,8,18,0,0.0,7.599999904632568,11.619999885559082,366.7189276273747,5.0
125,CSAP4,2007,8,18,1,0.0,6.699999809265137,12.069999694824219,366.7189276273747,5.0
126,CSAP4,2007,8,18,2,0.0,5.809999942779541,9.84000015258789,366.7189276273747,5.0
127,CSAP4,2007,8,18,3,0.0,6.260000228881836,14.3100004196167,366.7189276273747,5.0
128,CSAP4,2007,8,18,4,0.0,7.150000095367432,12.069999694824219,366.7189276273747,5.0
129,CSAP4,2007,8,18,5,0.0,7.150000095367432,11.170000076293945,366.7189276273747,5.0
130,CSAP4,2007,8,18,6,0.0,6.260000228881836,11.619999885559082,366.7189276273747,5.0
131,CSAP4,2007,8,18,6,0.0,6.260000228881836,11.619999885559082,335.1138072446123,5.0
132,CSAP4,2007,8,18,7,0.0,7.599999904632568,12.960000038146973,335.1138072446123,5.0
133,CSAP4,2007,8,18,8,0.0,7.599999904632568,12.960000038146973,335.1138072446123,5.0
134,CSAP4,2007,8,18,9,0.0,6.699999809265137,14.75,335.1138072446123,5.0
135,CSAP4,2007,8,18,10,0.0,8.050000190734863,12.069999694824219,335.1138072446123,5.0
136,CSAP4,2007,8,18,11,0.0,9.84000015258789,16.540000915527344,335.1138072446123,5.0
137,CSAP4,2007,8,18,12,0.0,9.390000343322754,16.540000915527344,335.1138072446123,5.0
138,CSAP4,2007,8,18,12,0.0,9.390000343322754,16.540000915527344,342.03236128086337,5.0
139,CSAP4,2007,8,18,13,0.0,8.489999771118164,16.989999771118164,342.03236128086337,5.0
140,CSAP4,2007,8,18,14,4.3179931640625,9.84000015258789,13.859999656677246,342.03236128086337,5.0
141,CSAP4,2007,8,18,15,5.080078125,7.599999904632568,17.43000030517578,342.03236128086337,5.0
142,CSAP4,2007,8,18,16,3.302001953125,7.599999904632568,14.3100004196167,342.03236128086337,5.0
143,CSAP4,2007,8,18,17,0.0,6.260000228881836,11.170000076293945,342.03236128086337,5.0
144,CSAP4,2007,8,18,18,0.0,7.150000095367432,10.729999542236328,342.03236128086337,5.0
145,CSAP4,2007,9,18,6,0.0,2.680000066757202,3.130000114440918,495.25888102618495,0.0
146,CSAP4,2007,9,18,7,0.0,3.130000114440918,3.130000114440918,495.25888102618495,0.0
147,CSAP4,2007,9,18,8,0.0,3.130000114440918,4.019999980926514,495.25888102618495,0.0
148,CSAP4,2007,9,18,9,0.0,1.340000033378601,4.019999980926514,495.25888102618495,0.0
149,CSAP4,2007,9,18,10,0.0,2.2300000190734863,3.130000114440918,495.25888102618495,0.0
150,CSAP4,2007,9,18,11,0.0,2.2300000190734863,3.130000114440918,495.25888102618495,0.0
151,CSAP4,2007,9,18,12,0.0,2.2300000190734863,3.5799999237060547,495.25888102618495,0.0
152,CSAP4,2007,10,24,18,0.0,4.920000076293945,8.489999771118164,485.5161459637224,0.0
153,CSAP4,2007,10,24,19,0.0,4.019999980926514,7.599999904632568,485.5161459637224,0.0
154,CSAP4,2007,10,24,20,0.0,3.130000114440918,4.920000076293945,485.5161459637224,0.0
155,CSAP4,2007,10,24,21,0.76220703125,2.2300000190734863,4.019999980926514,485.5161459637224,0.0
156,CSAP4,2007,10,24,22,0.0,3.130000114440918,7.150000095367432,485.5161459637224,0.0
157,CSAP4,2007,10,24,23,0.0,2.680000066757202,4.46999979019165,485.5161459637224,0.0
158,CSAP4,2007,10,25,0,0.0,1.7899999618530273,4.46999979019165,485.5161459637224,0.0
159,CSAP4,2007,10,25,0,0.0,1.7899999618530273,4.46999979019165,428.96701434346807,0.0
160,CSAP4,2007,10,25,1,0.0,2.2300000190734863,4.46999979019165,428.96701434346807,0.0
161,CSAP4,2007,10,25,2,0.0,1.7899999618530273,4.46999979019165,428.96701434346807,0.0
162,CSAP4,2007,10,25,3,0.0,1.340000033378601,3.130000114440918,428.96701434346807,0.0
163,CSAP4,2007,10,25,4,0.0,0.8999999761581421,2.2300000190734863,428.96701434346807,0.0
164,CSAP4,2007,10,25,5,0.0,1.7899999618530273,2.680000066757202,428.96701434346807,0.0
165,CSAP4,2007,10,25,6,0.0,2.2300000190734863,2.680000066757202,428.96701434346807,0.0
166,CSAP4,2007,10,25,6,0.0,2.2300000190734863,2.680000066757202,376.47329644031197,0.0
167,CSAP4,2007,10,25,7,0.0,1.7899999618530273,3.130000114440918,376.47329644031197,0.0
168,CSAP4,2007,10,25,8,0.0,1.340000033378601,2.680000066757202,376.47329644031197,0.0
169,CSAP4,2007,10,25,9,0.0,2.2300000190734863,3.5799999237060547,376.47329644031197,0.0
170,CSAP4,2007,10,25,10,0.0,1.340000033378601,3.130000114440918,376.47329644031197,0.0
171,CSAP4,2007,10,25,11,0.0,1.340000033378601,2.680000066757202,376.47329644031197,0.0
172,CSAP4,2007,10,25,12,0.0,1.340000033378601,2.680000066757202,376.47329644031197,0.0
173,CSAP4,2007,10,25,12,0.0,1.340000033378601,2.680000066757202,321.71939324608496,0.0
174,CSAP4,2007,10,25,13,0.0,1.7899999618530273,3.130000114440918,321.71939324608496,0.0
175,CSAP4,2007,10,25,14,0.0,2.680000066757202,5.369999885559082,321.71939324608496,0.0
176,CSAP4,2007,10,25,15,7.619873046875,1.7899999618530273,4.46999979019165,321.71939324608496,0.0
177,CSAP4,2007,10,25,16,0.0,1.340000033378601,6.699999809265137,321.71939324608496,0.0
178,CSAP4,2007,10,25,17,0.0,3.130000114440918,4.46999979019165,321.71939324608496,0.0
179,CSAP4,2007,10,25,18,0.0,4.46999979019165,5.809999942779541,321.71939324608496,0.0
180,CSAP4,2007,10,25,18,0.0,4.46999979019165,5.809999942779541,260.1655053312979,0.0
181,CSAP4,2007,10,25,19,0.0,4.019999980926514,5.809999942779541,260.1655053312979,0.0
182,CSAP4,2007,10,25,20,0.0,3.5799999237060547,5.809999942779541,260.1655053312979,0.0
183,CSAP4,2007,10,25,21,14.22412109375,3.5799999237060547,5.809999942779541,260.1655053312979,0.0
184,CSAP4,2007,10,25,22,0.0,1.340000033378601,4.920000076293945,260.1655053312979,0.0
185,CSAP4,2007,10,25,23,0.0,1.7899999618530273,2.680000066757202,260.1655053312979,0.0
186,CSAP4,2007,10,26,0,0.0,2.2300000190734863,3.130000114440918,260.1655053312979,0.0
187,CSAP4,2007,10,26,0,0.0,2.2300000190734863,3.130000114440918,179.59994732646356,0.0
188,CSAP4,2007,10,26,1,0.0,1.340000033378601,3.130000114440918,179.59994732646356,0.0
189,CSAP4,2007,10,26,2,0.0,1.340000033378601,2.680000066757202,179.59994732646356,0.0
190,CSAP4,2007,10,26,3,0.0,1.7899999618530273,4.920000076293945,179.59994732646356,0.0
191,CSAP4,2007,10,26,4,0.0,2.2300000190734863,6.260000228881836,179.59994732646356,0.0
192,CSAP4,2007,10,26,5,0.0,3.5799999237060547,8.050000190734863,179.59994732646356,0.0
193,CSAP4,2007,10,26,6,0.0,2.2300000190734863,3.5799999237060547,179.59994732646356,0.0
194,CSAP4,2007,10,26,6,0.0,2.2300000190734863,3.5799999237060547,61.298067909058034,0.0
195,CSAP4,2007,10,26,7,0.0,1.7899999618530273,4.019999980926514,61.298067909058034,0.0
196,CSAP4,2007,10,26,8,0.0,2.680000066757202,4.019999980926514,61.298067909058034,0.0
197,CSAP4,2007,10,26,9,14.223876953125,2.680000066757202,5.809999942779541,61.298067909058034,0.0
198,CSAP4,2007,10,26,10,19.55810546875,7.150000095367432,10.729999542236328,61.298067909058034,0.0
199,CSAP4,2007,10,26,11,0.761962890625,4.46999979019165,13.40999984741211,61.298067909058034,0.0
200,CSAP4,2007,10,26,12,0.25390625,3.130000114440918,8.050000190734863,61.298067909058034,0.0
201,CSAP4,2007,10,26,12,0.25390625,3.130000114440918,8.050000190734863,99.40962686869182,0.0
202,CSAP4,2007,10,26,13,0.0,2.680000066757202,6.699999809265137,99.40962686869182,0.0
203,CSAP4,2007,10,26,14,0.0,6.260000228881836,8.9399995803833,99.40962686869182,0.0
204,CSAP4,2007,10,26,15,0.254150390625,6.699999809265137,10.279999732971191,99.40962686869182,0.0
205,CSAP4,2007,10,26,16,0.0,4.920000076293945,9.390000343322754,99.40962686869182,0.0
206,CSAP4,2007,10,26,17,0.0,6.260000228881836,10.729999542236328,99.40962686869182,0.0
207,CSAP4,2007,10,26,18,17.27197265625,5.369999885559082,10.279999732971191,99.40962686869182,0.0
208,CSAP4,2007,10,26,18,17.27197265625,5.369999885559082,10.279999732971191,224.70712090143505,0.0
209,CSAP4,2007,10,26,19,3.809814453125,3.130000114440918,8.489999771118164,224.70712090143505,0.0
210,CSAP4,2007,10,26,20,3.302001953125,5.369999885559082,8.9399995803833,224.70712090143505,0.0
211,CSAP4,2007,10,26,21,0.254150390625,2.680000066757202,8.489999771118164,224.70712090143505,0.0
212,CSAP4,2007,10,26,22,0.761962890625,2.2300000190734863,4.46999979019165,224.70712090143505,0.0
213,CSAP4,2007,10,26,23,4.572021484375,3.130000114440918,4.46999979019165,224.70712090143505,0.0
214,CSAP4,2007,10,27,0,1.27001953125,3.130000114440918,4.46999979019165,224.70712090143505,0.0
215,CSAP4,2007,10,27,0,1.27001953125,3.130000114440918,4.46999979019165,316.5433771337426,0.0
216,CSAP4,2007,10,27,1,1.015869140625,0.44999998807907104,4.920000076293945,316.5433771337426,0.0
217,CSAP4,2007,10,27,2,0.254150390625,0.44999998807907104,4.019999980926514,316.5433771337426,0.0
218,CSAP4,2007,10,27,3,0.25390625,2.2300000190734863,3.5799999237060547,316.5433771337426,0.0
219,CSAP4,2007,10,27,4,1.778076171875,3.5799999237060547,7.599999904632568,316.5433771337426,0.0
220,CSAP4,2007,10,27,5,0.0,4.46999979019165,8.050000190734863,316.5433771337426,0.0
221,CSAP4,2007,10,27,6,0.25390625,4.920000076293945,8.489999771118164,316.5433771337426,0.0
222,CSAP4,2007,12,10,12,0.0,3.130000114440918,8.9399995803833,474.2313589036745,1.0
223,CSAP4,2007,12,10,13,0.0,3.5799999237060547,6.699999809265137,474.2313589036745,1.0
224,CSAP4,2007,12,10,14,0.0,4.46999979019165,10.729999542236328,474.2313589036745,1.0
225,CSAP4,2007,12,10,15,0.0,5.369999885559082,10.729999542236328,474.2313589036745,1.0
226,CSAP4,2007,12,10,16,0.0,4.920000076293945,12.069999694824219,474.2313589036745,1.0
227,CSAP4,2007,12,10,17,0.0,3.5799999237060547,9.84000015258789,474.2313589036745,1.0
228,CSAP4,2007,12,10,18,0.0,3.130000114440918,7.150000095367432,474.2313589036745,1.0
229,CSAP4,2007,12,10,18,0.0,3.130000114440918,7.150000095367432,326.9355381957917,1.0
230,CSAP4,2007,12,10,19,3.302001953125,4.46999979019165,7.599999904632568,326.9355381957917,1.0
231,CSAP4,2007,12,10,20,0.253997802734375,3.130000114440918,7.599999904632568,326.9355381957917,1.0
232,CSAP4,2007,12,10,21,0.0,1.340000033378601,7.599999904632568,326.9355381957917,1.0
233,CSAP4,2007,12,10,22,0.0,0.8999999761581421,5.369999885559082,326.9355381957917,1.0
234,CSAP4,2007,12,10,23,0.0,1.7899999618530273,4.46999979019165,326.9355381957917,1.0
235,CSAP4,2007,12,11,0,0.0,2.2300000190734863,4.019999980926514,326.9355381957917,1.0
236,CSAP4,2007,12,11,0,0.0,2.2300000190734863,4.019999980926514,172.61445495407543,1.0
237,CSAP4,2007,12,11,1,1.2699966430664062,2.2300000190734863,5.369999885559082,172.61445495407543,1.0
238,CSAP4,2007,12,11,2,2.2860031127929688,4.920000076293945,8.489999771118164,172.61445495407543,1.0
239,CSAP4,2007,12,11,3,0.7620010375976562,1.7899999618530273,5.369999885559082,172.61445495407543,1.0
240,CSAP4,2007,12,11,4,1.2699966430664062,1.340000033378601,3.5799999237060547,172.61445495407543,1.0
241,CSAP4,2007,12,11,5,1.0160064697265625,0.8999999761581421,3.130000114440918,172.61445495407543,1.0
242,CSAP4,2007,12,11,6,0.50799560546875,2.2300000190734863,5.809999942779541,172.61445495407543,1.0
243,CSAP4,2007,12,11,6,0.50799560546875,2.2300000190734863,5.809999942779541,55.602580434290786,1.0
244,CSAP4,2007,12,11,7,0.0,2.680000066757202,4.019999980926514,55.602580434290786,1.0
245,CSAP4,2007,12,11,7,0.0,2.680000066757202,4.019999980926514,50.15154334219344,1.0
246,CSAP4,2007,12,11,8,0.253997802734375,0.8999999761581421,2.680000066757202,50.15154334219344,1.0
247,CSAP4,2007,12,11,9,0.0,2.2300000190734863,2.680000066757202,50.15154334219344,1.0
248,CSAP4,2007,12,11,10,0.7620010375976562,3.5799999237060547,4.920000076293945,50.15154334219344,1.0
249,CSAP4,2007,12,11,11,9.652000427246094,6.699999809265137,8.489999771118164,50.15154334219344,1.0
250,CSAP4,2007,12,11,12,7.620002746582031,4.46999979019165,10.729999542236328,50.15154334219344,1.0
251,CSAP4,2007,12,11,12,7.620002746582031,4.46999979019165,10.729999542236328,122.87592243201487,2.0
252,CSAP4,2007,12,11,13,3.0479965209960938,3.5799999237060547,8.489999771118164,122.87592243201487,2.0
253,CSAP4,2007,12,11,14,5.5879974365234375,3.130000114440918,8.9399995803833,122.87592243201487,2.0
254,CSAP4,2007,12,11,15,5.5879974365234375,5.369999885559082,11.619999885559082,122.87592243201487,2.0
255,CSAP4,2007,12,11,16,10.160003662109375,4.920000076293945,13.859999656677246,122.87592243201487,2.0
256,CSAP4,2007,12,11,17,10.160003662109375,2.2300000190734863,7.150000095367432,122.87592243201487,2.0
257,CSAP4,2007,12,11,18,0.0,2.2300000190734863,9.84000015258789,122.87592243201487,2.0
258,CSAP4,2007,12,11,18,0.0,2.2300000190734863,9.84000015258789,230.52901817335112,3.0
259,CSAP4,2007,12,11,19,0.761993408203125,4.46999979019165,6.699999809265137,230.52901817335112,3.0
260,CSAP4,2007,12,11,20,2.2860107421875,3.5799999237060547,10.729999542236328,230.52901817335112,3.0
261,CSAP4,2007,12,11,21,0.0,3.5799999237060547,7.150000095367432,230.52901817335112,3.0
262,CSAP4,2007,12,11,22,0.0,3.130000114440918,4.920000076293945,230.52901817335112,3.0
263,CSAP4,2007,12,11,23,0.253997802734375,2.680000066757202,4.46999979019165,230.52901817335112,3.0
264,CSAP4,2007,12,12,0,1.0159912109375,3.130000114440918,7.150000095367432,230.52901817335112,3.0
265,CSAP4,2012,8,4,0,0.0,3.130000114440918,6.260000228881836,492.7850377131361,1.0
266,CSAP4,2012,8,4,1,0.0,5.369999885559082,10.279999732971191,492.7850377131361,1.0
267,CSAP4,2012,8,4,2,0.0,2.680000066757202,10.729999542236328,492.7850377131361,1.0
268,CSAP4,2012,8,4,3,0.0,2.680000066757202,5.809999942779541,492.7850377131361,1.0
269,CSAP4,2012,8,4,4,2.031982421875,3.130000114440918,5.809999942779541,492.7850377131361,1.0
270,CSAP4,2012,8,4,5,4.318023681640625,4.019999980926514,8.489999771118164,492.7850377131361,1.0
271,CSAP4,2012,8,4,6,0.0,3.130000114440918,9.84000015258789,492.7850377131361,1.0
272,CSAP4,2012,8,4,6,0.0,3.130000114440918,9.84000015258789,455.79331569300473,2.0
273,CSAP4,2012,8,4,7,0.0,3.130000114440918,6.699999809265137,455.79331569300473,2.0
274,CSAP4,2012,8,4,8,0.0,2.680000066757202,6.699999809265137,455.79331569300473,2.0
275,CSAP4,2012,8,4,9,0.0,3.5799999237060547,5.809999942779541,455.79331569300473,2.0
276,CSAP4,2012,8,4,10,0.253997802734375,5.809999942779541,9.390000343322754,455.79331569300473,2.0
277,CSAP4,2012,8,4,11,0.0,4.920000076293945,9.390000343322754,455.79331569300473,2.0
278,CSAP4,2012,8,4,12,0.0,4.920000076293945,8.050000190734863,455.79331569300473,2.0
279,CSAP4,2012,8,12,12,0.0,3.5799999237060547,9.84000015258789,461.36682237452993,0.0
280,CSAP4,2012,8,12,13,0.0,3.5799999237060547,8.9399995803833,461.36682237452993,0.0
281,CSAP4,2012,8,12,14,0.0,5.369999885559082,9.390000343322754,461.36682237452993,0.0
282,CSAP4,2012,8,12,15,0.0,6.260000228881836,11.619999885559082,461.36682237452993,0.0
283,CSAP4,2012,8,12,16,0.0,7.150000095367432,11.170000076293945,461.36682237452993,0.0
284,CSAP4,2012,8,12,17,1.269989013671875,7.599999904632568,11.170000076293945,461.36682237452993,0.0
285,CSAP4,2012,8,12,18,0.0,5.809999942779541,15.640000343322754,461.36682237452993,0.0
286,CSAP4,2012,8,23,6,0.0,4.019999980926514,8.050000190734863,453.0715921792687,2.0
287,CSAP4,2012,8,23,7,0.0,3.5799999237060547,7.599999904632568,453.0715921792687,2.0
288,CSAP4,2012,8,23,8,0.0,3.130000114440918,5.809999942779541,453.0715921792687,2.0
289,CSAP4,2012,8,23,9,0.0,2.2300000190734863,6.699999809265137,453.0715921792687,2.0
290,CSAP4,2012,8,23,10,0.0,3.130000114440918,6.699999809265137,453.0715921792687,2.0
291,CSAP4,2012,8,23,11,0.0,3.130000114440918,5.809999942779541,453.0715921792687,2.0
292,CSAP4,2012,8,23,12,0.0,5.809999942779541,9.390000343322754,453.0715921792687,2.0
293,CSAP4,2012,8,23,12,0.0,5.809999942779541,9.390000343322754,349.9126517160057,2.0
294,CSAP4,2012,8,23,13,0.0,5.369999885559082,8.489999771118164,349.9126517160057,2.0
295,CSAP4,2012,8,23,14,0.0,6.260000228881836,11.619999885559082,349.9126517160057,2.0
296,CSAP4,2012,8,23,15,0.0,7.150000095367432,12.520000457763672,349.9126517160057,2.0
297,CSAP4,2012,8,23,16,1.27001953125,7.150000095367432,12.069999694824219,349.9126517160057,2.0
298,CSAP4,2012,8,23,17,0.253997802734375,7.150000095367432,13.40999984741211,349.9126517160057,2.0
299,CSAP4,2012,8,23,18,1.52398681640625,7.599999904632568,12.069999694824219,349.9126517160057,2.0
300,CSAP4,2012,8,23,18,1.52398681640625,7.599999904632568,12.069999694824219,267.0055466578065,2.0
301,CSAP4,2012,8,23,19,0.253997802734375,6.699999809265137,12.520000457763672,267.0055466578065,2.0
302,CSAP4,2012,8,23,20,14.47802734375,7.599999904632568,11.619999885559082,267.0055466578065,2.0
303,CSAP4,2012,8,23,21,4.3179931640625,7.150000095367432,13.40999984741211,267.0055466578065,2.0
304,CSAP4,2012,8,23,22,2.79400634765625,6.260000228881836,12.960000038146973,267.0055466578065,2.0
305,CSAP4,2012,8,23,23,0.0,6.260000228881836,13.40999984741211,267.0055466578065,2.0
306,CSAP4,2012,8,24,0,0.761993408203125,6.699999809265137,10.729999542236328,267.0055466578065,2.0
307,CSAP4,2012,8,24,0,0.761993408203125,6.699999809265137,10.729999542236328,302.4137084905968,2.0
308,CSAP4,2012,8,24,1,0.50799560546875,4.920000076293945,10.279999732971191,302.4137084905968,2.0
309,CSAP4,2012,8,24,2,0.0,4.920000076293945,8.050000190734863,302.4137084905968,2.0
310,CSAP4,2012,8,24,3,0.0,4.46999979019165,7.599999904632568,302.4137084905968,2.0
311,CSAP4,2012,8,24,4,0.0,4.46999979019165,8.489999771118164,302.4137084905968,2.0
312,CSAP4,2012,8,24,5,0.0,5.369999885559082,11.170000076293945,302.4137084905968,2.0
313,CSAP4,2012,8,24,6,1.52398681640625,5.809999942779541,9.390000343322754,302.4137084905968,2.0
314,CSAP4,2012,10,13,0,0.0,1.7899999618530273,4.019999980926514,467.7627247783085,1.0
315,CSAP4,2012,10,13,1,0.0,1.7899999618530273,4.019999980926514,467.7627247783085,1.0
316,CSAP4,2012,10,13,2,0.0,2.680000066757202,4.920000076293945,467.7627247783085,1.0
317,CSAP4,2012,10,13,3,0.0,2.2300000190734863,4.46999979019165,467.7627247783085,1.0
318,CSAP4,2012,10,13,4,0.0,2.680000066757202,5.369999885559082,467.7627247783085,1.0
319,CSAP4,2012,10,13,5,0.0,1.7899999618530273,3.130000114440918,467.7627247783085,1.0
320,CSAP4,2012,10,13,6,0.0,1.340000033378601,3.130000114440918,467.7627247783085,1.0
321,CSAP4,2012,10,13,6,0.0,1.340000033378601,3.130000114440918,406.76090507045154,1.0
322,CSAP4,2012,10,13,7,0.0,1.7899999618530273,3.130000114440918,406.76090507045154,1.0
323,CSAP4,2012,10,13,8,0.0,1.7899999618530273,3.5799999237060547,406.76090507045154,1.0
324,CSAP4,2012,10,13,9,0.0,2.2300000190734863,2.680000066757202,406.76090507045154,1.0
325,CSAP4,2012,10,13,10,0.0,2.2300000190734863,3.5799999237060547,406.76090507045154,1.0
326,CSAP4,2012,10,13,11,0.0,1.340000033378601,2.680000066757202,406.76090507045154,1.0
327,CSAP4,2012,10,13,12,0.0,1.340000033378601,2.2300000190734863,406.76090507045154,1.0
328,CSAP4,2012,10,13,12,0.0,1.340000033378601,2.2300000190734863,375.1272621294185,1.0
329,CSAP4,2012,10,13,13,0.0,3.5799999237060547,5.369999885559082,375.1272621294185,1.0
330,CSAP4,2012,10,13,14,0.0,3.130000114440918,5.369999885559082,375.1272621294185,1.0
331,CSAP4,2012,10,13,15,0.0,2.680000066757202,4.920000076293945,375.1272621294185,1.0
332,CSAP4,2012,10,13,16,0.0,3.130000114440918,5.809999942779541,375.1272621294185,1.0
333,CSAP4,2012,10,13,17,7.365966796875,2.2300000190734863,4.920000076293945,375.1272621294185,1.0
334,CSAP4,2012,10,13,18,0.0,1.340000033378601,5.369999885559082,375.1272621294185,1.0
335,CSAP4,2012,10,13,18,0.0,1.340000033378601,5.369999885559082,318.8580519096238,1.0
336,CSAP4,2012,10,13,19,0.0,1.340000033378601,3.5799999237060547,318.8580519096238,1.0
337,CSAP4,2012,10,13,20,0.0,2.2300000190734863,4.019999980926514,318.8580519096238,1.0
338,CSAP4,2012,10,13,21,0.0,2.2300000190734863,4.46999979019165,318.8580519096238,1.0
339,CSAP4,2012,10,13,22,0.0,0.8999999761581421,4.019999980926514,318.8580519096238,1.0
340,CSAP4,2012,10,13,23,0.0,1.340000033378601,3.130000114440918,318.8580519096238,1.0
341,CSAP4,2012,10,14,0,0.0,1.7899999618530273,3.130000114440918,318.8580519096238,1.0
342,CSAP4,2012,10,14,0,0.0,1.7899999618530273,3.130000114440918,294.09799441616804,2.0
343,CSAP4,2012,10,14,1,0.0,1.7899999618530273,3.5799999237060547,294.09799441616804,2.0
344,CSAP4,2012,10,14,2,0.0,1.7899999618530273,3.130000114440918,294.09799441616804,2.0
345,CSAP4,2012,10,14,3,0.0,1.340000033378601,3.130000114440918,294.09799441616804,2.0
346,CSAP4,2012,10,14,4,0.0,0.8999999761581421,2.2300000190734863,294.09799441616804,2.0
347,CSAP4,2012,10,14,5,0.0,1.340000033378601,2.2300000190734863,294.09799441616804,2.0
348,CSAP4,2012,10,14,6,0.0,1.7899999618530273,2.680000066757202,294.09799441616804,2.0
349,CSAP4,2012,10,14,6,0.0,1.7899999618530273,2.680000066757202,299.68257934038996,2.0
350,CSAP4,2012,10,14,7,0.0,1.7899999618530273,2.2300000190734863,299.68257934038996,2.0
351,CSAP4,2012,10,14,8,0.0,2.2300000190734863,3.5799999237060547,299.68257934038996,2.0
352,CSAP4,2012,10,14,9,0.0,1.340000033378601,2.680000066757202,299.68257934038996,2.0
353,CSAP4,2012,10,14,10,0.0,1.340000033378601,2.2300000190734863,299.68257934038996,2.0
354,CSAP4,2012,10,14,11,0.0,2.2300000190734863,3.130000114440918,299.68257934038996,2.0
355,CSAP4,2012,10,14,12,0.0,1.340000033378601,2.2300000190734863,299.68257934038996,2.0
356,CSAP4,2012,10,14,12,0.0,1.340000033378601,2.2300000190734863,313.57238538705224,3.0
357,CSAP4,2012,10,14,13,0.0,1.7899999618530273,3.5799999237060547,313.57238538705224,3.0
358,CSAP4,2012,10,14,14,0.0,1.7899999618530273,4.019999980926514,313.57238538705224,3.0
359,CSAP4,2012,10,14,15,0.0,3.130000114440918,4.920000076293945,313.57238538705224,3.0
360,CSAP4,2012,10,14,16,0.0,2.680000066757202,4.46999979019165,313.57238538705224,3.0
361,CSAP4,2012,10,14,17,0.0,2.680000066757202,4.920000076293945,313.57238538705224,3.0
362,CSAP4,2012,10,14,18,0.0,2.680000066757202,4.46999979019165,313.57238538705224,3.0
363,CSAP4,2012,10,14,18,0.0,2.680000066757202,4.46999979019165,338.07704805601423,3.0
364,CSAP4,2012,10,14,19,0.0,2.2300000190734863,4.46999979019165,338.07704805601423,3.0
365,CSAP4,2012,10,14,20,0.0,2.2300000190734863,4.46999979019165,338.07704805601423,3.0
366,CSAP4,2012,10,14,21,0.0,1.340000033378601,3.130000114440918,338.07704805601423,3.0
367,CSAP4,2012,10,14,22,0.0,1.7899999618530273,2.2300000190734863,338.07704805601423,3.0
368,CSAP4,2012,10,14,23,0.0,2.2300000190734863,2.680000066757202,338.07704805601423,3.0
369,CSAP4,2012,10,15,0,0.0,1.340000033378601,2.680000066757202,338.07704805601423,3.0
370,CSAP4,2012,10,15,0,0.0,1.340000033378601,2.680000066757202,402.2552161200392,4.0
371,CSAP4,2012,10,15,1,0.0,1.340000033378601,2.2300000190734863,402.2552161200392,4.0
372,CSAP4,2012,10,15,2,0.0,1.340000033378601,2.2300000190734863,402.2552161200392,4.0
373,CSAP4,2012,10,15,3,0.0,0.44999998807907104,1.340000033378601,402.2552161200392,4.0
374,CSAP4,2012,10,15,4,0.0,0.0,2.2300000190734863,402.2552161200392,4.0
375,CSAP4,2012,10,15,5,0.0,1.7899999618530273,2.2300000190734863,402.2552161200392,4.0
376,CSAP4,2012,10,15,6,0.0,0.8999999761581421,2.2300000190734863,402.2552161200392,4.0
377,CSAP4,2013,7,10,0,3.80999755859375,5.809999942779541,12.069999694824219,276.33518646458947,2.0
378,CSAP4,2013,7,10,1,0.25396728515625,2.680000066757202,14.3100004196167,276.33518646458947,2.0
379,CSAP4,2013,7,10,2,1.77801513671875,7.150000095367432,12.069999694824219,276.33518646458947,2.0
380,CSAP4,2013,7,10,3,0.0,4.019999980926514,13.859999656677246,276.33518646458947,2.0
381,CSAP4,2013,7,10,4,0.2540283203125,4.920000076293945,8.489999771118164,276.33518646458947,2.0
382,CSAP4,2013,7,10,5,0.25396728515625,6.260000228881836,12.069999694824219,276.33518646458947,2.0
383,CSAP4,2013,7,10,6,1.5240478515625,6.260000228881836,11.619999885559082,276.33518646458947,2.0
384,CSAP4,2013,7,29,6,0.0,0.0,0.0,395.8265384039381,0.0
385,CSAP4,2013,7,29,7,0.0,0.0,0.0,395.8265384039381,0.0
386,CSAP4,2013,7,29,8,0.0,0.0,0.0,395.8265384039381,0.0
387,CSAP4,2013,7,29,9,0.0,0.0,0.0,395.8265384039381,0.0
388,CSAP4,2013,7,29,10,0.0,0.0,0.0,395.8265384039381,0.0
389,CSAP4,2013,7,29,11,0.0,0.0,0.0,395.8265384039381,0.0
390,CSAP4,2013,7,29,12,0.0,0.0,0.0,395.8265384039381,0.0
391,CSAP4,2013,7,29,12,0.0,0.0,0.0,327.662557023418,0.0
392,CSAP4,2013,7,29,13,0.0,0.0,0.0,327.662557023418,0.0
393,CSAP4,2013,7,29,14,0.0,0.0,0.0,327.662557023418,0.0
394,CSAP4,2013,7,29,15,0.0,0.0,0.0,327.662557023418,0.0
395,CSAP4,2013,7,29,16,0.0,0.0,0.0,327.662557023418,0.0
396,CSAP4,2013,7,29,17,0.0,0.0,0.0,327.662557023418,0.0
397,CSAP4,2013,7,29,18,0.0,1.340000033378601,5.809999942779541,327.662557023418,0.0
398,CSAP4,2013,7,29,18,0.0,1.340000033378601,5.809999942779541,339.640699717871,0.0
399,CSAP4,2013,7,29,19,0.0,5.369999885559082,8.050000190734863,339.640699717871,0.0
400,CSAP4,2013,7,29,20,0.0,5.369999885559082,8.050000190734863,339.640699717871,0.0
401,CSAP4,2013,7,29,21,0.0,5.809999942779541,7.599999904632568,339.640699717871,0.0
402,CSAP4,2013,7,29,22,0.0,4.46999979019165,7.599999904632568,339.640699717871,0.0
403,CSAP4,2013,7,29,23,0.0,3.130000114440918,5.369999885559082,339.640699717871,0.0
404,CSAP4,2013,7,30,0,0.0,1.7899999618530273,4.019999980926514,339.640699717871,0.0
405,CSAP4,2013,9,4,18,1.0159912109375,2.680000066757202,4.46999979019165,204.05594499670755,0.0
406,CSAP4,2013,9,4,19,0.0,4.019999980926514,10.729999542236328,204.05594499670755,0.0
407,CSAP4,2013,9,4,20,0.508056640625,0.0,4.920000076293945,204.05594499670755,0.0
408,CSAP4,2013,9,4,21,0.0,0.0,0.0,204.05594499670755,0.0
409,CSAP4,2013,9,4,22,0.0,0.0,0.0,204.05594499670755,0.0
410,CSAP4,2013,9,4,23,0.0,0.0,0.0,204.05594499670755,0.0
411,CSAP4,2013,9,5,0,0.0,0.0,0.0,204.05594499670755,0.0
412,CSAP4,2013,9,5,0,0.0,0.0,0.0,144.47818926593,0.0
413,CSAP4,2013,9,5,1,0.0,0.0,0.0,144.47818926593,0.0
414,CSAP4,2013,9,5,2,0.0,0.0,0.0,144.47818926593,0.0
415,CSAP4,2013,9,5,3,0.0,0.0,0.0,144.47818926593,0.0
416,CSAP4,2013,9,5,4,0.2540283203125,0.0,0.0,144.47818926593,0.0
417,CSAP4,2013,9,5,5,3.555908203125,0.0,0.0,144.47818926593,0.0
418,CSAP4,2013,9,5,6,4.572021484375,0.0,0.0,144.47818926593,0.0
419,CSAP4,2013,9,5,6,4.572021484375,0.0,0.0,125.78489114951653,0.0
420,CSAP4,2013,9,5,7,2.2860107421875,0.0,0.0,125.78489114951653,0.0
421,CSAP4,2013,9,5,8,2.7940673828125,0.0,0.0,125.78489114951653,0.0
422,CSAP4,2013,9,5,9,3.0479736328125,0.0,0.0,125.78489114951653,0.0
423,CSAP4,2013,9,5,10,2.031982421875,0.0,0.0,125.78489114951653,0.0
424,CSAP4,2013,9,5,11,2.031982421875,0.0,0.0,125.78489114951653,0.0
425,CSAP4,2013,9,5,12,2.2860107421875,0.0,0.0,125.78489114951653,0.0
426,CSAP4,2013,9,5,12,2.2860107421875,0.0,0.0,164.44899974725234,0.0
427,CSAP4,2013,9,5,13,1.5240478515625,0.0,0.0,164.44899974725234,0.0
428,CSAP4,2013,9,5,14,6.3499755859375,0.0,0.0,164.44899974725234,0.0
429,CSAP4,2013,9,5,15,18.7960205078125,0.0,0.0,164.44899974725234,0.0
430,CSAP4,2013,9,5,16,5.8419189453125,0.0,0.0,164.44899974725234,0.0
431,CSAP4,2013,9,5,17,15.748046875,0.0,0.0,164.44899974725234,0.0
432,CSAP4,2013,9,5,18,5.842041015625,0.0,0.0,164.44899974725234,0.0
433,CSAP4,2013,9,5,18,5.842041015625,0.0,0.0,224.39245979144386,0.0
434,CSAP4,2013,9,5,19,1.52392578125,0.0,0.0,224.39245979144386,0.0
435,CSAP4,2013,9,5,20,2.2860107421875,0.0,0.0,224.39245979144386,0.0
436,CSAP4,2013,9,5,21,0.0,0.0,0.0,224.39245979144386,0.0
437,CSAP4,2013,9,5,22,0.0,0.0,0.0,224.39245979144386,0.0
438,CSAP4,2013,9,5,23,0.0,0.0,0.0,224.39245979144386,0.0
439,CSAP4,2013,9,6,0,0.0,0.0,0.0,224.39245979144386,0.0
440,CSAP4,2013,9,6,0,0.0,0.0,0.0,240.56647716425192,0.0
441,CSAP4,2013,9,6,1,0.0,0.0,0.0,240.56647716425192,0.0
442,CSAP4,2013,9,6,2,0.0,0.0,0.0,240.56647716425192,0.0
443,CSAP4,2013,9,6,3,0.0,0.0,0.0,240.56647716425192,0.0
444,CSAP4,2013,9,6,4,0.0,0.0,0.0,240.56647716425192,0.0
445,CSAP4,2013,9,6,5,0.0,0.0,0.0,240.56647716425192,0.0
446,CSAP4,2013,9,6,6,0.0,0.0,0.0,240.56647716425192,0.0
447,CSAP4,2013,9,6,6,0.0,0.0,0.0,286.96952981303195,0.0
448,CSAP4,2013,9,6,7,0.0,0.0,0.0,286.96952981303195,0.0
449,CSAP4,2013,9,6,8,0.0,0.0,0.0,286.96952981303195,0.0
450,CSAP4,2013,9,6,9,0.0,0.0,0.0,286.96952981303195,0.0
451,CSAP4,2013,9,6,10,0.0,0.0,0.0,286.96952981303195,0.0
452,CSAP4,2013,9,6,11,0.0,0.0,0.0,286.96952981303195,0.0
453,CSAP4,2013,9,6,12,0.0,0.0,0.0,286.96952981303195,0.0
454,CSAP4,2013,9,6,12,0.0,0.0,0.0,329.858958201951,0.0
455,CSAP4,2013,9,6,13,0.0,0.0,0.0,329.858958201951,0.0
456,CSAP4,2013,9,6,14,0.0,0.0,0.0,329.858958201951,0.0
457,CSAP4,2013,9,6,15,0.0,0.0,0.0,329.858958201951,0.0
458,CSAP4,2013,9,6,16,0.0,6.699999809265137,8.489999771118164,329.858958201951,0.0
459,CSAP4,2013,9,6,17,0.0,5.369999885559082,8.489999771118164,329.858958201951,0.0
460,CSAP4,2013,9,6,18,0.0,4.920000076293945,7.599999904632568,329.858958201951,0.0
461,CSAP4,2013,9,6,18,0.0,4.920000076293945,7.599999904632568,368.2563664680255,0.0
462,CSAP4,2013,9,6,19,0.0,3.130000114440918,6.260000228881836,368.2563664680255,0.0
463,CSAP4,2013,9,6,20,0.0,3.5799999237060547,5.369999885559082,368.2563664680255,0.0
464,CSAP4,2013,9,6,21,0.0,2.2300000190734863,4.920000076293945,368.2563664680255,0.0
465,CSAP4,2013,9,6,22,0.0,1.7899999618530273,3.130000114440918,368.2563664680255,0.0
466,CSAP4,2013,9,6,23,0.0,1.7899999618530273,2.680000066757202,368.2563664680255,0.0
467,CSAP4,2013,9,7,0,0.0,2.2300000190734863,2.680000066757202,368.2563664680255,0.0
468,CSAP4,2014,8,2,6,0.0,3.130000114440918,5.369999885559082,328.8592016068413,1.0
469,CSAP4,2014,8,2,7,0.0,3.5799999237060547,6.699999809265137,328.8592016068413,1.0
470,CSAP4,2014,8,2,8,0.0,3.130000114440918,5.369999885559082,328.8592016068413,1.0
471,CSAP4,2014,8,2,9,0.0,4.46999979019165,7.150000095367432,328.8592016068413,1.0
472,CSAP4,2014,8,2,10,0.0,2.2300000190734863,8.489999771118164,328.8592016068413,1.0
473,CSAP4,2014,8,2,11,1.0159912109375,2.680000066757202,4.920000076293945,328.8592016068413,1.0
474,CSAP4,2014,8,2,12,0.508056640625,3.130000114440918,5.369999885559082,328.8592016068413,1.0
475,CSAP4,2014,8,2,12,0.508056640625,3.130000114440918,5.369999885559082,149.9797915522531,1.0
476,CSAP4,2014,8,2,13,0.0,4.920000076293945,14.3100004196167,149.9797915522531,1.0
477,CSAP4,2014,8,2,14,0.25390625,7.150000095367432,11.170000076293945,149.9797915522531,1.0
478,CSAP4,2014,8,2,15,4.0640869140625,8.9399995803833,11.619999885559082,149.9797915522531,1.0
479,CSAP4,2014,8,2,16,2.2860107421875,8.9399995803833,13.859999656677246,149.9797915522531,1.0
480,CSAP4,2014,8,2,17,0.0,8.9399995803833,14.75,149.9797915522531,1.0
481,CSAP4,2014,8,2,18,0.0,7.150000095367432,12.069999694824219,149.9797915522531,1.0
482,CSAP4,2014,8,2,18,0.0,7.150000095367432,12.069999694824219,139.98692667147057,1.0
483,CSAP4,2014,8,2,19,0.0,6.699999809265137,12.069999694824219,139.98692667147057,1.0
484,CSAP4,2014,8,2,20,2.031982421875,5.809999942779541,10.729999542236328,139.98692667147057,1.0
485,CSAP4,2014,8,2,21,0.2540283203125,4.46999979019165,12.960000038146973,139.98692667147057,1.0
486,CSAP4,2014,8,2,22,0.0,7.150000095367432,12.069999694824219,139.98692667147057,1.0
487,CSAP4,2014,8,2,23,0.0,3.5799999237060547,7.599999904632568,139.98692667147057,1.0
488,CSAP4,2014,8,3,0,0.0,4.46999979019165,9.84000015258789,139.98692667147057,1.0
489,CSAP4,2014,10,13,14,0.0,5.369999885559082,8.489999771118164,485.0735125922579,4.0
490,CSAP4,2014,10,13,15,0.0,4.920000076293945,9.84000015258789,485.0735125922579,4.0
491,CSAP4,2014,10,13,16,0.0,4.920000076293945,8.9399995803833,485.0735125922579,4.0
492,CSAP4,2014,10,13,17,0.0,4.920000076293945,9.84000015258789,485.0735125922579,4.0
493,CSAP4,2014,10,13,18,2.5400390625,5.369999885559082,9.390000343322754,485.0735125922579,4.0
494,CSAP4,2014,10,13,18,2.5400390625,5.369999885559082,9.390000343322754,412.91629379987705,4.0
495,CSAP4,2014,10,13,19,0.0,4.019999980926514,12.960000038146973,412.91629379987705,4.0
496,CSAP4,2014,10,13,20,0.0,4.920000076293945,8.489999771118164,412.91629379987705,4.0
497,CSAP4,2014,10,13,21,0.0,3.130000114440918,7.599999904632568,412.91629379987705,4.0
498,CSAP4,2014,10,13,22,0.0,1.7899999618530273,5.369999885559082,412.91629379987705,4.0
499,CSAP4,2014,10,13,22,0.0,1.7899999618530273,5.369999885559082,346.7262173820596,5.0
500,CSAP4,2014,10,13,23,0.0,2.680000066757202,6.699999809265137,346.7262173820596,5.0
501,CSAP4,2014,10,13,23,0.0,2.680000066757202,6.699999809265137,336.62141070841,5.0
502,CSAP4,2014,10,14,0,0.0,2.680000066757202,4.46999979019165,336.62141070841,5.0
503,CSAP4,2014,10,14,0,0.0,2.680000066757202,4.46999979019165,326.9355381957917,5.0
504,CSAP4,2014,10,14,1,2.7939453125,2.2300000190734863,5.369999885559082,326.9355381957917,5.0
505,CSAP4,2014,10,14,2,0.2540283203125,3.130000114440918,8.489999771118164,326.9355381957917,5.0
506,CSAP4,2014,10,14,3,0.0,1.7899999618530273,3.130000114440918,326.9355381957917,5.0
507,CSAP4,2014,10,14,4,0.0,1.7899999618530273,3.130000114440918,326.9355381957917,5.0
508,CSAP4,2014,10,14,5,0.0,1.7899999618530273,3.5799999237060547,326.9355381957917,5.0
509,CSAP4,2014,10,14,6,0.0,1.7899999618530273,3.130000114440918,326.9355381957917,5.0
510,CSAP4,2014,10,14,6,0.0,1.7899999618530273,3.130000114440918,269.5105772870271,5.0
511,CSAP4,2014,10,14,7,0.0,0.8999999761581421,2.680000066757202,269.5105772870271,5.0
512,CSAP4,2014,10,14,8,0.0,1.7899999618530273,4.019999980926514,269.5105772870271,5.0
513,CSAP4,2014,10,14,9,0.0,2.2300000190734863,2.680000066757202,269.5105772870271,5.0
514,CSAP4,2014,10,14,10,0.0,1.7899999618530273,2.680000066757202,269.5105772870271,5.0
515,CSAP4,2014,10,14,11,0.0,0.8999999761581421,3.130000114440918,269.5105772870271,5.0
516,CSAP4,2014,10,14,12,0.0,0.8999999761581421,2.680000066757202,269.5105772870271,5.0
517,CSAP4,2014,10,14,12,0.0,0.8999999761581421,2.680000066757202,262.2441891810471,5.0
518,CSAP4,2014,10,14,13,0.0,1.340000033378601,2.680000066757202,262.2441891810471,5.0
519,CSAP4,2014,10,14,14,0.0,2.680000066757202,4.46999979019165,262.2441891810471,5.0
520,CSAP4,2014,10,14,15,0.0,2.2300000190734863,6.260000228881836,262.2441891810471,5.0
521,CSAP4,2014,10,14,16,0.0,4.019999980926514,6.699999809265137,262.2441891810471,5.0
522,CSAP4,2014,10,14,17,0.0,4.019999980926514,7.150000095367432,262.2441891810471,5.0
523,CSAP4,2014,10,14,18,0.0,4.46999979019165,6.699999809265137,262.2441891810471,5.0
524,CSAP4,2014,10,14,18,0.0,4.46999979019165,6.699999809265137,321.70908781733266,5.0
525,CSAP4,2014,10,14,19,0.0,4.019999980926514,6.260000228881836,321.70908781733266,5.0
526,CSAP4,2014,10,14,20,0.0,3.5799999237060547,6.260000228881836,321.70908781733266,5.0
527,CSAP4,2014,10,14,21,0.0,2.2300000190734863,5.369999885559082,321.70908781733266,5.0
528,CSAP4,2014,10,14,22,0.0,1.7899999618530273,4.46999979019165,321.70908781733266,5.0
529,CSAP4,2014,10,14,23,0.0,0.44999998807907104,2.680000066757202,321.70908781733266,5.0
530,CSAP4,2014,10,15,0,0.0,1.340000033378601,2.2300000190734863,321.70908781733266,5.0
531,CSAP4,2015,8,27,12,0.0,3.5799999237060547,7.150000095367432,463.95090865694215,2.0
532,CSAP4,2015,8,27,13,0.0,4.920000076293945,9.84000015258789,463.95090865694215,2.0
533,CSAP4,2015,8,27,14,0.0,4.019999980926514,9.84000015258789,463.95090865694215,2.0
534,CSAP4,2015,8,27,15,0.0,5.369999885559082,8.9399995803833,463.95090865694215,2.0
535,CSAP4,2015,8,27,16,0.0,5.369999885559082,9.390000343322754,463.95090865694215,2.0
536,CSAP4,2015,8,27,17,0.0,5.369999885559082,11.170000076293945,463.95090865694215,2.0
537,CSAP4,2015,8,27,18,0.0,6.260000228881836,9.84000015258789,463.95090865694215,2.0
538,CSAP4,2015,8,27,18,0.0,6.260000228881836,9.84000015258789,324.1110297712641,2.0
539,CSAP4,2015,8,27,19,0.0,5.369999885559082,8.9399995803833,324.1110297712641,2.0
540,CSAP4,2015,8,27,20,0.0,4.920000076293945,8.9399995803833,324.1110297712641,2.0
541,CSAP4,2015,8,27,21,0.0,5.369999885559082,9.84000015258789,324.1110297712641,2.0
542,CSAP4,2015,8,27,22,0.0,3.5799999237060547,7.599999904632568,324.1110297712641,2.0
543,CSAP4,2015,8,27,23,0.0,3.5799999237060547,8.050000190734863,324.1110297712641,2.0
544,CSAP4,2015,8,28,0,0.0,2.680000066757202,6.260000228881836,324.1110297712641,2.0
545,CSAP4,2015,8,28,0,0.0,2.680000066757202,6.260000228881836,153.37984750644756,2.0
546,CSAP4,2015,8,28,1,0.0,3.5799999237060547,6.260000228881836,153.37984750644756,2.0
547,CSAP4,2015,8,28,2,1.0160064697265625,3.130000114440918,8.050000190734863,153.37984750644756,2.0
548,CSAP4,2015,8,28,3,0.253997802734375,8.9399995803833,16.540000915527344,153.37984750644756,2.0
549,CSAP4,2015,8,28,4,1.5240020751953125,10.729999542236328,17.43000030517578,153.37984750644756,2.0
550,CSAP4,2015,8,28,5,1.7779998779296875,12.069999694824219,21.010000228881836,153.37984750644756,2.0
551,CSAP4,2015,8,28,6,0.50799560546875,10.279999732971191,17.8799991607666,153.37984750644756,2.0
552,CSAP4,2015,8,28,6,0.50799560546875,10.279999732971191,17.8799991607666,78.20458014505691,2.0
553,CSAP4,2015,8,28,7,7.11199951171875,9.84000015258789,19.219999313354492,78.20458014505691,2.0
554,CSAP4,2015,8,28,8,0.7620086669921875,10.279999732971191,19.670000076293945,78.20458014505691,2.0
555,CSAP4,2015,8,28,9,0.50799560546875,11.619999885559082,18.329999923706055,78.20458014505691,2.0
556,CSAP4,2015,8,28,10,0.253997802734375,9.84000015258789,16.540000915527344,78.20458014505691,2.0
557,CSAP4,2015,8,28,11,0.0,7.150000095367432,14.75,78.20458014505691,2.0
558,CSAP4,2015,8,28,12,0.0,7.150000095367432,11.619999885559082,78.20458014505691,2.0
559,CSAP4,2017,9,6,5,0.0,3.5799999237060547,5.809999942779541,475.0352392364893,5.0
560,CSAP4,2017,9,6,6,0.0,4.019999980926514,7.150000095367432,475.0352392364893,5.0
561,CSAP4,2017,9,6,6,0.0,4.019999980926514,7.150000095367432,464.4842847494861,5.0
562,CSAP4,2017,9,6,7,0.0,4.46999979019165,9.84000015258789,464.4842847494861,5.0
563,CSAP4,2017,9,6,8,0.0,4.019999980926514,7.599999904632568,464.4842847494861,5.0
564,CSAP4,2017,9,6,9,0.0,3.130000114440918,7.150000095367432,464.4842847494861,5.0
565,CSAP4,2017,9,6,10,0.0,4.019999980926514,6.699999809265137,464.4842847494861,5.0
566,CSAP4,2017,9,6,11,0.0,4.46999979019165,8.489999771118164,464.4842847494861,5.0
567,CSAP4,2017,9,6,11,0.0,4.46999979019165,8.489999771118164,336.16651032915087,5.0
568,CSAP4,2017,9,6,12,4.571990966796875,3.5799999237060547,6.699999809265137,336.16651032915087,5.0
569,CSAP4,2017,9,6,12,4.571990966796875,3.5799999237060547,6.699999809265137,315.04814941157605,5.0
570,CSAP4,2017,9,6,13,2.2860107421875,2.680000066757202,6.699999809265137,315.04814941157605,5.0
571,CSAP4,2017,9,6,14,1.77801513671875,4.46999979019165,8.489999771118164,315.04814941157605,5.0
572,CSAP4,2017,9,6,15,0.0,3.5799999237060547,8.9399995803833,315.04814941157605,5.0
573,CSAP4,2017,9,6,16,0.253997802734375,3.5799999237060547,7.150000095367432,315.04814941157605,5.0
574,CSAP4,2017,9,6,16,0.253997802734375,3.5799999237060547,7.150000095367432,206.03780417671814,5.0
575,CSAP4,2017,9,6,17,4.82598876953125,3.5799999237060547,9.390000343322754,206.03780417671814,5.0
576,CSAP4,2017,9,6,18,2.540008544921875,6.260000228881836,16.540000915527344,206.03780417671814,5.0
577,CSAP4,2017,9,6,18,2.540008544921875,6.260000228881836,16.540000915527344,179.5363858280653,5.0
578,CSAP4,2017,9,6,19,8.12799072265625,6.699999809265137,11.619999885559082,179.5363858280653,5.0
579,CSAP4,2017,9,6,20,1.269989013671875,6.699999809265137,12.960000038146973,179.5363858280653,5.0
580,CSAP4,2017,9,6,21,1.016021728515625,8.9399995803833,12.520000457763672,179.5363858280653,5.0
581,CSAP4,2017,9,6,22,1.777984619140625,7.599999904632568,12.520000457763672,179.5363858280653,5.0
582,CSAP4,2017,9,6,23,1.27001953125,8.9399995803833,15.199999809265137,179.5363858280653,5.0
583,CSAP4,2017,9,7,0,0.253997802734375,10.279999732971191,16.989999771118164,179.5363858280653,5.0
584,CSAP4,2017,9,7,0,0.253997802734375,10.279999732971191,16.989999771118164,133.6160501735293,5.0
585,CSAP4,2017,9,7,1,2.793975830078125,11.619999885559082,23.700000762939453,133.6160501735293,5.0
586,CSAP4,2017,9,7,2,0.508026123046875,10.729999542236328,20.559999465942383,133.6160501735293,5.0
587,CSAP4,2017,9,7,3,0.253997802734375,4.920000076293945,18.780000686645508,133.6160501735293,5.0
588,CSAP4,2017,9,7,4,0.0,6.260000228881836,16.09000015258789,133.6160501735293,5.0
589,CSAP4,2017,9,7,5,0.50799560546875,4.46999979019165,12.520000457763672,133.6160501735293,5.0
590,CSAP4,2017,9,7,6,0.253997802734375,4.920000076293945,10.729999542236328,133.6160501735293,5.0
591,CSAP4,2017,9,7,6,0.253997802734375,4.920000076293945,10.729999542236328,234.42806074480777,5.0
592,CSAP4,2017,9,7,7,0.0,6.699999809265137,10.729999542236328,234.42806074480777,5.0
593,CSAP4,2017,9,7,8,0.0,5.369999885559082,12.069999694824219,234.42806074480777,5.0
594,CSAP4,2017,9,7,9,0.0,4.46999979019165,11.170000076293945,234.42806074480777,5.0
595,CSAP4,2017,9,7,10,5.079986572265625,4.920000076293945,11.170000076293945,234.42806074480777,5.0
596,CSAP4,2017,9,7,11,20.8280029296875,5.809999942779541,12.520000457763672,234.42806074480777,5.0
597,CSAP4,2017,9,7,12,0.0,2.2300000190734863,12.960000038146973,234.42806074480777,5.0
598,CSAP4,2017,9,9,18,0.0,2.680000066757202,9.84000015258789,477.3278408983644,5.0
599,CSAP4,2017,9,9,19,0.0,5.809999942779541,9.390000343322754,477.3278408983644,5.0
600,CSAP4,2017,9,9,20,0.0,4.46999979019165,8.9399995803833,477.3278408983644,5.0
601,CSAP4,2017,9,9,21,0.0,2.680000066757202,6.260000228881836,477.3278408983644,5.0
602,CSAP4,2017,9,9,22,0.0,2.2300000190734863,4.019999980926514,477.3278408983644,5.0
603,CSAP4,2017,9,9,23,0.0,0.0,3.130000114440918,477.3278408983644,5.0
604,CSAP4,2017,9,10,0,0.0,0.44999998807907104,2.680000066757202,477.3278408983644,5.0
605,CSAP4,2017,9,10,0,0.0,0.44999998807907104,2.680000066757202,388.28706152812185,5.0
606,CSAP4,2017,9,10,1,0.0,1.7899999618530273,2.680000066757202,388.28706152812185,5.0
607,CSAP4,2017,9,10,2,0.0,0.0,3.130000114440918,388.28706152812185,5.0
608,CSAP4,2017,9,10,3,0.0,1.340000033378601,1.7899999618530273,388.28706152812185,5.0
609,CSAP4,2017,9,10,4,0.0,2.680000066757202,3.130000114440918,388.28706152812185,5.0
610,CSAP4,2017,9,10,5,0.0,1.7899999618530273,3.5799999237060547,388.28706152812185,5.0
611,CSAP4,2017,9,10,6,0.0,1.7899999618530273,2.680000066757202,388.28706152812185,5.0
612,CSAP4,2017,9,10,6,0.0,1.7899999618530273,2.680000066757202,350.14236113615,5.0
613,CSAP4,2017,9,10,7,0.0,0.44999998807907104,2.680000066757202,350.14236113615,5.0
614,CSAP4,2017,9,10,8,0.0,2.680000066757202,3.5799999237060547,350.14236113615,5.0
615,CSAP4,2017,9,10,9,0.0,0.0,3.5799999237060547,350.14236113615,5.0
616,CSAP4,2017,9,10,10,0.0,0.8999999761581421,1.7899999618530273,350.14236113615,5.0
617,CSAP4,2017,9,10,11,0.0,0.44999998807907104,1.340000033378601,350.14236113615,5.0
618,CSAP4,2017,9,10,12,0.253997802734375,0.0,1.340000033378601,350.14236113615,5.0
619,CSAP4,2017,9,10,12,0.253997802734375,0.0,1.340000033378601,370.0986471231773,5.0
620,CSAP4,2017,9,10,13,3.302001953125,1.340000033378601,2.2300000190734863,370.0986471231773,5.0
621,CSAP4,2017,9,10,14,1.0159912109375,2.2300000190734863,3.5799999237060547,370.0986471231773,5.0
622,CSAP4,2017,9,10,15,0.0,1.7899999618530273,3.130000114440918,370.0986471231773,5.0
623,CSAP4,2017,9,10,16,0.0,3.5799999237060547,5.809999942779541,370.0986471231773,5.0
624,CSAP4,2017,9,10,17,0.0,3.5799999237060547,6.260000228881836,370.0986471231773,5.0
625,CSAP4,2017,9,10,18,0.0,3.130000114440918,6.260000228881836,370.0986471231773,5.0
626,CSAP4,2017,9,19,12,0.0,3.130000114440918,5.809999942779541,434.99273671133136,5.0
627,CSAP4,2017,9,19,13,0.0,3.130000114440918,8.489999771118164,434.99273671133136,5.0
628,CSAP4,2017,9,19,14,0.0,3.130000114440918,7.599999904632568,434.99273671133136,5.0
629,CSAP4,2017,9,19,15,0.0,4.019999980926514,8.9399995803833,434.99273671133136,5.0
630,CSAP4,2017,9,19,16,0.0,3.5799999237060547,8.050000190734863,434.99273671133136,5.0
631,CSAP4,2017,9,19,17,0.0,5.369999885559082,9.390000343322754,434.99273671133136,5.0
632,CSAP4,2017,9,19,18,2.53997802734375,5.809999942779541,9.390000343322754,434.99273671133136,5.0
633,CSAP4,2017,9,19,18,2.53997802734375,5.809999942779541,9.390000343322754,333.4564193075881,5.0
634,CSAP4,2017,9,19,19,0.50799560546875,5.369999885559082,10.729999542236328,333.4564193075881,5.0
635,CSAP4,2017,9,19,20,1.77801513671875,4.46999979019165,8.050000190734863,333.4564193075881,5.0
636,CSAP4,2017,9,19,21,0.0,1.7899999618530273,6.260000228881836,333.4564193075881,5.0
637,CSAP4,2017,9,19,22,0.0,4.920000076293945,10.279999732971191,333.4564193075881,5.0
638,CSAP4,2017,9,19,23,0.0,4.46999979019165,11.619999885559082,333.4564193075881,5.0
639,CSAP4,2017,9,20,0,0.76202392578125,8.489999771118164,16.540000915527344,333.4564193075881,5.0
640,CSAP4,2017,9,20,0,0.76202392578125,8.489999771118164,16.540000915527344,237.44778912010568,5.0
641,CSAP4,2017,9,20,1,0.0,2.2300000190734863,9.390000343322754,237.44778912010568,5.0
642,CSAP4,2017,9,20,2,1.26995849609375,2.680000066757202,9.84000015258789,237.44778912010568,5.0
643,CSAP4,2017,9,20,3,0.2540283203125,4.46999979019165,11.170000076293945,237.44778912010568,5.0
644,CSAP4,2017,9,20,3,0.2540283203125,4.46999979019165,11.170000076293945,184.50986631530512,5.0
645,CSAP4,2017,9,20,4,1.27001953125,7.150000095367432,14.3100004196167,184.50986631530512,5.0
646,CSAP4,2017,9,20,5,7.11199951171875,7.150000095367432,20.559999465942383,184.50986631530512,5.0
647,CSAP4,2017,9,20,6,9.6519775390625,10.279999732971191,25.030000686645508,184.50986631530512,5.0
648,CSAP4,2017,9,20,6,9.6519775390625,10.279999732971191,25.030000686645508,132.52715917069855,5.0
649,CSAP4,2017,9,20,7,12.70001220703125,10.279999732971191,24.59000015258789,132.52715917069855,5.0
650,CSAP4,2017,9,20,8,22.8599853515625,12.960000038146973,26.3799991607666,132.52715917069855,5.0
651,CSAP4,2017,9,20,9,32.0040283203125,14.3100004196167,28.610000610351562,132.52715917069855,5.0
652,CSAP4,2017,9,20,10,19.04998779296875,20.110000610351562,38.88999938964844,132.52715917069855,5.0
653,CSAP4,2017,9,20,10,19.04998779296875,20.110000610351562,38.88999938964844,40.16066392933176,5.0
654,CSAP4,2017,9,20,11,16.510009765625,28.170000076293945,52.75,40.16066392933176,5.0
655,CSAP4,2017,9,20,12,0.25396728515625,27.270000457763672,51.86000061035156,40.16066392933176,5.0
656,CSAP4,2017,9,20,12,0.25396728515625,27.270000457763672,51.86000061035156,23.777376098015523,5.0
657,CSAP4,2017,9,20,13,3.302001953125,17.43000030517578,43.810001373291016,23.777376098015523,5.0
658,CSAP4,2017,9,20,14,8.8900146484375,25.479999542236328,51.40999984741211,23.777376098015523,5.0
659,CSAP4,2017,9,20,15,9.14398193359375,23.25,42.470001220703125,23.777376098015523,5.0
660,CSAP4,2017,9,20,16,16.2559814453125,23.25,43.810001373291016,23.777376098015523,5.0
661,CSAP4,2017,9,20,17,14.98602294921875,16.540000915527344,31.739999771118164,23.777376098015523,5.0
662,CSAP4,2017,9,20,18,2.2860107421875,14.3100004196167,31.739999771118164,23.777376098015523,5.0
663,CSAP4,2017,9,20,18,2.2860107421875,14.3100004196167,31.739999771118164,101.07372739777615,5.0
664,CSAP4,2017,9,20,19,1.77801513671875,14.3100004196167,27.719999313354492,101.07372739777615,5.0
665,CSAP4,2017,9,20,20,0.761962890625,15.640000343322754,25.030000686645508,101.07372739777615,5.0
666,CSAP4,2017,9,20,21,0.0,10.729999542236328,23.25,101.07372739777615,5.0
667,CSAP4,2017,9,20,22,0.0,12.069999694824219,20.559999465942383,101.07372739777615,5.0
668,CSAP4,2017,9,20,23,1.0159912109375,11.170000076293945,19.219999313354492,101.07372739777615,5.0
669,CSAP4,2017,9,21,0,0.2540283203125,8.050000190734863,19.219999313354492,101.07372739777615,5.0
670,CSAP4,2017,9,21,0,0.2540283203125,8.050000190734863,19.219999313354492,178.04009598451518,5.0
671,CSAP4,2017,9,21,1,0.0,9.390000343322754,17.8799991607666,178.04009598451518,5.0
672,CSAP4,2017,9,21,2,0.0,8.9399995803833,16.09000015258789,178.04009598451518,5.0
673,CSAP4,2017,9,21,3,1.27001953125,8.489999771118164,13.859999656677246,178.04009598451518,5.0
674,CSAP4,2017,9,21,4,0.0,7.599999904632568,16.540000915527344,178.04009598451518,5.0
675,CSAP4,2017,9,21,5,0.0,7.599999904632568,14.3100004196167,178.04009598451518,5.0
676,CSAP4,2017,9,21,6,3.302001953125,7.599999904632568,11.619999885559082,178.04009598451518,5.0
677,CSAP4,2017,9,21,6,3.302001953125,7.599999904632568,11.619999885559082,255.03655728000737,5.0
678,CSAP4,2017,9,21,7,0.0,5.809999942779541,10.729999542236328,255.03655728000737,5.0
679,CSAP4,2017,9,21,8,0.0,5.369999885559082,13.859999656677246,255.03655728000737,5.0
680,CSAP4,2017,9,21,9,0.0,6.260000228881836,9.84000015258789,255.03655728000737,5.0
681,CSAP4,2017,9,21,10,0.0,6.260000228881836,10.729999542236328,255.03655728000737,5.0
682,CSAP4,2017,9,21,11,0.0,5.369999885559082,11.619999885559082,255.03655728000737,5.0
683,CSAP4,2017,9,21,12,0.0,5.809999942779541,8.9399995803833,255.03655728000737,5.0
684,CSAP4,2017,9,21,12,0.0,5.809999942779541,8.9399995803833,338.702164248212,5.0
685,CSAP4,2017,9,21,13,0.25396728515625,5.369999885559082,8.9399995803833,338.702164248212,5.0
686,CSAP4,2017,9,21,14,0.0,5.369999885559082,8.050000190734863,338.702164248212,5.0
687,CSAP4,2017,9,21,15,0.0,5.369999885559082,8.489999771118164,338.702164248212,5.0
688,CSAP4,2017,9,21,16,7.36602783203125,8.050000190734863,11.170000076293945,338.702164248212,5.0
689,CSAP4,2017,9,21,17,4.57196044921875,5.369999885559082,10.729999542236328,338.702164248212,5.0
690,CSAP4,2017,9,21,18,0.0,5.809999942779541,10.279999732971191,338.702164248212,5.0
691,CSAP4,2017,9,21,18,0.0,5.809999942779541,10.279999732971191,437.34677919290465,5.0
692,CSAP4,2017,9,21,19,2.2860107421875,5.809999942779541,8.9399995803833,437.34677919290465,5.0
693,CSAP4,2017,9,21,20,0.0,2.680000066757202,9.390000343322754,437.34677919290465,5.0
694,CSAP4,2017,9,21,21,0.0,2.680000066757202,7.599999904632568,437.34677919290465,5.0
695,CSAP4,2017,9,21,22,0.0,2.680000066757202,3.5799999237060547,437.34677919290465,5.0
696,CSAP4,2017,9,21,23,10.66802978515625,5.369999885559082,8.050000190734863,437.34677919290465,5.0
697,CSAP4,2017,9,22,0,6.85797119140625,6.260000228881836,12.520000457763672,437.34677919290465,5.0
698,CSAP4,2018,7,9,6,0.0,2.680000066757202,5.369999885559082,383.4236347587157,1.0
699,CSAP4,2018,7,9,7,0.0,2.680000066757202,4.920000076293945,383.4236347587157,1.0
700,CSAP4,2018,7,9,8,0.0,3.130000114440918,5.809999942779541,383.4236347587157,1.0
701,CSAP4,2018,7,9,9,0.0,3.5799999237060547,5.369999885559082,383.4236347587157,1.0
702,CSAP4,2018,7,9,10,0.0,0.8999999761581421,4.920000076293945,383.4236347587157,1.0
703,CSAP4,2018,7,9,11,0.253997802734375,4.019999980926514,6.260000228881836,383.4236347587157,1.0
704,CSAP4,2018,7,9,12,0.0,2.2300000190734863,5.809999942779541,383.4236347587157,1.0
705,CSAP4,2018,7,9,12,0.0,2.2300000190734863,5.809999942779541,187.11990052052627,1.0
706,CSAP4,2018,7,9,13,0.50799560546875,3.5799999237060547,9.390000343322754,187.11990052052627,1.0
707,CSAP4,2018,7,9,14,1.27001953125,2.2300000190734863,11.170000076293945,187.11990052052627,1.0
708,CSAP4,2018,7,9,15,0.0,2.680000066757202,4.46999979019165,187.11990052052627,1.0
709,CSAP4,2018,7,9,16,3.0479736328125,4.920000076293945,7.150000095367432,187.11990052052627,1.0
710,CSAP4,2018,7,9,17,5.334014892578125,4.920000076293945,14.3100004196167,187.11990052052627,1.0
711,CSAP4,2018,7,9,18,2.79400634765625,3.130000114440918,9.84000015258789,187.11990052052627,1.0
712,CSAP4,2018,7,9,18,2.79400634765625,3.130000114440918,9.84000015258789,132.4786556932169,1.0
713,CSAP4,2018,7,9,19,23.36798095703125,3.5799999237060547,6.260000228881836,132.4786556932169,1.0
714,CSAP4,2018,7,9,20,6.09600830078125,6.260000228881836,10.279999732971191,132.4786556932169,1.0
715,CSAP4,2018,7,9,21,0.761993408203125,4.019999980926514,7.150000095367432,132.4786556932169,1.0
716,CSAP4,2018,7,9,22,0.50799560546875,4.019999980926514,6.260000228881836,132.4786556932169,1.0
717,CSAP4,2018,7,9,23,0.0,3.130000114440918,6.260000228881836,132.4786556932169,1.0
718,CSAP4,2018,7,10,0,0.253997802734375,3.130000114440918,5.809999942779541,132.4786556932169,1.0
719,CSAP4,2018,7,10,0,0.253997802734375,3.130000114440918,5.809999942779541,280.7482826626021,1.0
720,CSAP4,2018,7,10,1,0.2540283203125,2.2300000190734863,3.5799999237060547,280.7482826626021,1.0
721,CSAP4,2018,7,10,2,0.0,2.680000066757202,4.46999979019165,280.7482826626021,1.0
722,CSAP4,2018,7,10,3,0.0,3.5799999237060547,5.369999885559082,280.7482826626021,1.0
723,CSAP4,2018,7,10,4,0.0,3.5799999237060547,7.150000095367432,280.7482826626021,1.0
724,CSAP4,2018,7,10,5,0.0,2.680000066757202,5.369999885559082,280.7482826626021,1.0
725,CSAP4,2018,7,10,6,0.0,3.5799999237060547,6.260000228881836,280.7482826626021,1.0
726,CSAP4,2018,9,14,0,0.0,4.46999979019165,7.599999904632568,447.4677763773028,1.0
727,CSAP4,2018,9,14,1,0.0,3.130000114440918,7.599999904632568,447.4677763773028,1.0
728,CSAP4,2018,9,14,2,0.0,3.130000114440918,10.279999732971191,447.4677763773028,1.0
729,CSAP4,2018,9,14,3,0.0,4.46999979019165,8.9399995803833,447.4677763773028,1.0
730,CSAP4,2018,9,14,4,0.0,4.019999980926514,7.599999904632568,447.4677763773028,1.0
731,CSAP4,2018,9,14,5,0.0,3.130000114440918,7.599999904632568,447.4677763773028,1.0
732,CSAP4,2018,9,14,6,0.0,3.5799999237060547,7.150000095367432,447.4677763773028,1.0
733,CSAP4,2018,9,14,6,0.0,3.5799999237060547,7.150000095367432,368.7797548748891,1.0
734,CSAP4,2018,9,14,7,0.0,4.46999979019165,8.050000190734863,368.7797548748891,1.0
735,CSAP4,2018,9,14,8,0.0,4.019999980926514,8.050000190734863,368.7797548748891,1.0
736,CSAP4,2018,9,14,9,0.0,4.920000076293945,10.279999732971191,368.7797548748891,1.0
737,CSAP4,2018,9,14,10,0.0,5.369999885559082,10.279999732971191,368.7797548748891,1.0
738,CSAP4,2018,9,14,11,0.0,3.130000114440918,9.390000343322754,368.7797548748891,1.0
739,CSAP4,2018,9,14,12,0.0,5.369999885559082,12.520000457763672,368.7797548748891,1.0
740,CSAP4,2018,9,14,12,0.0,5.369999885559082,12.520000457763672,311.2668766853506,1.0
741,CSAP4,2018,9,14,13,0.50799560546875,4.019999980926514,10.279999732971191,311.2668766853506,1.0
742,CSAP4,2018,9,14,14,0.0,4.019999980926514,10.729999542236328,311.2668766853506,1.0
743,CSAP4,2018,9,14,15,0.0,5.369999885559082,8.050000190734863,311.2668766853506,1.0
744,CSAP4,2018,9,14,16,5.08001708984375,7.599999904632568,12.520000457763672,311.2668766853506,1.0
745,CSAP4,2018,9,14,17,0.0,5.369999885559082,14.3100004196167,311.2668766853506,1.0
746,CSAP4,2018,9,14,18,0.0,4.019999980926514,8.050000190734863,311.2668766853506,1.0
747,CSAP4,2018,9,14,18,0.0,4.019999980926514,8.050000190734863,331.31276978006485,1.0
748,CSAP4,2018,9,14,19,0.0,4.920000076293945,8.050000190734863,331.31276978006485,1.0
749,CSAP4,2018,9,14,20,0.253997802734375,4.920000076293945,8.050000190734863,331.31276978006485,1.0
750,CSAP4,2018,9,14,21,2.031982421875,6.699999809265137,8.9399995803833,331.31276978006485,1.0
751,CSAP4,2018,9,14,22,0.253997802734375,1.340000033378601,8.489999771118164,331.31276978006485,1.0
752,CSAP4,2018,9,14,23,0.0,2.2300000190734863,3.5799999237060547,331.31276978006485,1.0
753,CSAP4,2018,9,15,0,0.0,3.130000114440918,4.920000076293945,331.31276978006485,1.0
754,CSAP4,2019,8,28,0,0.0,2.680000066757202,5.369999885559082,449.75734702015893,3.0
755,CSAP4,2019,8,28,1,0.0,3.130000114440918,5.809999942779541,449.75734702015893,3.0
756,CSAP4,2019,8,28,2,0.0,2.2300000190734863,4.920000076293945,449.75734702015893,3.0
757,CSAP4,2019,8,28,3,0.0,1.340000033378601,3.130000114440918,449.75734702015893,3.0
758,CSAP4,2019,8,28,4,0.0,3.130000114440918,5.809999942779541,449.75734702015893,3.0
759,CSAP4,2019,8,28,5,0.0,2.680000066757202,6.699999809265137,449.75734702015893,3.0
760,CSAP4,2019,8,28,6,0.0,4.019999980926514,6.699999809265137,449.75734702015893,3.0
761,CSAP4,2019,8,28,6,0.0,4.019999980926514,6.699999809265137,344.5215784092652,3.0
762,CSAP4,2019,8,28,7,0.0,2.2300000190734863,6.699999809265137,344.5215784092652,3.0
763,CSAP4,2019,8,28,8,0.0,2.680000066757202,5.369999885559082,344.5215784092652,3.0
764,CSAP4,2019,8,28,9,0.0,2.680000066757202,5.809999942779541,344.5215784092652,3.0
765,CSAP4,2019,8,28,10,0.0,3.130000114440918,5.809999942779541,344.5215784092652,3.0
766,CSAP4,2019,8,28,11,0.0,2.2300000190734863,4.019999980926514,344.5215784092652,3.0
767,CSAP4,2019,8,28,12,0.0,2.2300000190734863,5.809999942779541,344.5215784092652,3.0
768,CSAP4,2019,8,28,12,0.0,2.2300000190734863,5.809999942779541,233.58988922705214,4.0
769,CSAP4,2019,8,28,13,0.0,4.920000076293945,8.9399995803833,233.58988922705214,4.0
770,CSAP4,2019,8,28,14,0.0,4.46999979019165,8.9399995803833,233.58988922705214,4.0
771,CSAP4,2019,8,28,15,0.0,4.46999979019165,8.489999771118164,233.58988922705214,4.0
772,CSAP4,2019,8,28,15,0.0,4.46999979019165,8.489999771118164,179.03772456279168,4.0
773,CSAP4,2019,8,28,16,0.0,3.130000114440918,6.699999809265137,179.03772456279168,4.0
774,CSAP4,2019,8,28,17,0.0,3.130000114440918,6.699999809265137,179.03772456279168,4.0
775,CSAP4,2019,8,28,18,1.524017333984375,7.599999904632568,10.729999542236328,179.03772456279168,4.0
776,CSAP4,2019,8,28,18,1.524017333984375,7.599999904632568,10.729999542236328,132.26071738824723,4.0
777,CSAP4,2019,8,28,19,0.0,1.7899999618530273,6.699999809265137,132.26071738824723,4.0
778,CSAP4,2019,8,28,20,0.0,3.130000114440918,4.920000076293945,132.26071738824723,4.0
779,CSAP4,2019,8,28,21,0.0,4.019999980926514,5.809999942779541,132.26071738824723,4.0
780,CSAP4,2019,8,28,22,0.0,2.680000066757202,5.809999942779541,132.26071738824723,4.0
781,CSAP4,2019,8,28,23,0.0,1.7899999618530273,5.809999942779541,132.26071738824723,4.0
782,CSAP4,2019,8,29,0,0.0,2.680000066757202,3.5799999237060547,132.26071738824723,4.0
783,CSAP4,2019,8,29,0,0.0,2.680000066757202,3.5799999237060547,146.67510999930224,5.0
784,CSAP4,2019,8,29,1,0.0,0.44999998807907104,2.680000066757202,146.67510999930224,5.0
785,CSAP4,2019,8,29,2,0.0,0.0,0.8999999761581421,146.67510999930224,5.0
786,CSAP4,2019,8,29,3,3.555999755859375,0.0,1.340000033378601,146.67510999930224,5.0
787,CSAP4,2019,8,29,4,0.0,0.44999998807907104,3.5799999237060547,146.67510999930224,5.0
788,CSAP4,2019,8,29,5,1.52398681640625,4.019999980926514,5.369999885559082,146.67510999930224,5.0
789,CSAP4,2019,8,29,6,0.0,3.5799999237060547,7.599999904632568,146.67510999930224,5.0
790,CSAP4,2019,8,29,6,0.0,3.5799999237060547,7.599999904632568,222.26009956046923,5.0
791,CSAP4,2019,8,29,7,0.0,1.340000033378601,3.5799999237060547,222.26009956046923,5.0
792,CSAP4,2019,8,29,8,0.0,2.2300000190734863,2.680000066757202,222.26009956046923,5.0
793,CSAP4,2019,8,29,9,0.0,1.340000033378601,2.2300000190734863,222.26009956046923,5.0
794,CSAP4,2019,8,29,10,0.0,1.340000033378601,2.2300000190734863,222.26009956046923,5.0
795,CSAP4,2019,8,29,11,1.0159912109375,1.7899999618530273,3.5799999237060547,222.26009956046923,5.0
796,CSAP4,2019,8,29,12,9.652008056640625,2.680000066757202,5.809999942779541,222.26009956046923,5.0
797,CSAP4,2019,8,29,12,9.652008056640625,2.680000066757202,5.809999942779541,339.640699717871,5.0
798,CSAP4,2019,8,29,13,1.269989013671875,0.8999999761581421,5.369999885559082,339.640699717871,5.0
799,CSAP4,2019,8,29,14,7.8740234375,1.7899999618530273,3.130000114440918,339.640699717871,5.0
800,CSAP4,2019,8,29,15,0.0,1.7899999618530273,9.390000343322754,339.640699717871,5.0
801,CSAP4,2019,8,29,16,6.3499755859375,4.46999979019165,7.599999904632568,339.640699717871,5.0
802,CSAP4,2019,8,29,17,8.8900146484375,5.369999885559082,8.9399995803833,339.640699717871,5.0
803,CSAP4,2019,8,29,18,5.842010498046875,4.920000076293945,8.9399995803833,339.640699717871,5.0
804,CSAP4,2019,9,21,0,0.0,1.7899999618530273,2.680000066757202,469.60088562619995,4.0
805,CSAP4,2019,9,21,1,0.0,0.8999999761581421,2.680000066757202,469.60088562619995,4.0
806,CSAP4,2019,9,21,2,0.0,3.130000114440918,3.5799999237060547,469.60088562619995,4.0
807,CSAP4,2019,9,21,3,0.0,0.8999999761581421,3.130000114440918,469.60088562619995,4.0
808,CSAP4,2019,9,21,4,0.0,0.8999999761581421,1.7899999618530273,469.60088562619995,4.0
809,CSAP4,2019,9,21,5,0.0,1.7899999618530273,2.680000066757202,469.60088562619995,4.0
810,CSAP4,2019,9,21,6,0.0,1.7899999618530273,2.680000066757202,469.60088562619995,4.0
811,CSAP4,2019,9,21,6,0.0,1.7899999618530273,2.680000066757202,442.62026299238977,3.0
812,CSAP4,2019,9,21,7,0.253997802734375,1.340000033378601,2.680000066757202,442.62026299238977,3.0
813,CSAP4,2019,9,21,8,0.0,3.5799999237060547,4.019999980926514,442.62026299238977,3.0
814,CSAP4,2019,9,21,9,0.0,0.8999999761581421,4.019999980926514,442.62026299238977,3.0
815,CSAP4,2019,9,21,10,0.0,1.7899999618530273,3.130000114440918,442.62026299238977,3.0
816,CSAP4,2019,9,21,11,0.0,2.2300000190734863,2.680000066757202,442.62026299238977,3.0
817,CSAP4,2019,9,21,12,0.0,1.340000033378601,3.130000114440918,442.62026299238977,3.0
818,CSAP4,2019,9,23,12,0.0,5.369999885559082,6.699999809265137,430.08515890895796,0.0
819,CSAP4,2019,9,23,13,0.0,7.150000095367432,9.390000343322754,430.08515890895796,0.0
820,CSAP4,2019,9,23,14,0.0,6.699999809265137,10.279999732971191,430.08515890895796,0.0
821,CSAP4,2019,9,23,15,0.0,6.699999809265137,10.279999732971191,430.08515890895796,0.0
822,CSAP4,2019,9,23,16,0.0,7.150000095367432,10.279999732971191,430.08515890895796,0.0
823,CSAP4,2019,9,23,17,0.0,6.260000228881836,10.729999542236328,430.08515890895796,0.0
824,CSAP4,2019,9,23,18,0.0,7.150000095367432,9.84000015258789,430.08515890895796,0.0
825,CSAP4,2019,9,23,18,0.0,7.150000095367432,9.84000015258789,335.6156512895966,0.0
826,CSAP4,2019,9,23,19,0.0,6.699999809265137,11.170000076293945,335.6156512895966,0.0
827,CSAP4,2019,9,23,20,0.0,6.260000228881836,9.84000015258789,335.6156512895966,0.0
828,CSAP4,2019,9,23,21,0.0,4.920000076293945,8.9399995803833,335.6156512895966,0.0
829,CSAP4,2019,9,23,22,0.0,4.46999979019165,7.599999904632568,335.6156512895966,0.0
830,CSAP4,2019,9,23,23,0.0,3.5799999237060547,6.260000228881836,335.6156512895966,0.0
831,CSAP4,2019,9,24,0,0.0,1.7899999618530273,4.920000076293945,335.6156512895966,0.0
832,CSAP4,2019,9,24,0,0.0,1.7899999618530273,4.920000076293945,262.92507218099,0.0
833,CSAP4,2019,9,24,1,0.0,0.8999999761581421,3.5799999237060547,262.92507218099,0.0
834,CSAP4,2019,9,24,2,0.0,1.340000033378601,2.680000066757202,262.92507218099,0.0
835,CSAP4,2019,9,24,3,0.0,1.340000033378601,2.2300000190734863,262.92507218099,0.0
836,CSAP4,2019,9,24,4,0.0,1.7899999618530273,2.2300000190734863,262.92507218099,0.0
837,CSAP4,2019,9,24,5,0.0,1.340000033378601,2.2300000190734863,262.92507218099,0.0
838,CSAP4,2019,9,24,6,0.0,1.7899999618530273,2.2300000190734863,262.92507218099,0.0
839,CSAP4,2019,9,24,6,0.0,1.7899999618530273,2.2300000190734863,184.9569359986266,1.0
840,CSAP4,2019,9,24,7,0.0,1.7899999618530273,2.2300000190734863,184.9569359986266,1.0
841,CSAP4,2019,9,24,8,0.0,1.7899999618530273,3.130000114440918,184.9569359986266,1.0
842,CSAP4,2019,9,24,9,0.0,1.340000033378601,4.46999979019165,184.9569359986266,1.0
843,CSAP4,2019,9,24,10,0.0,2.2300000190734863,3.5799999237060547,184.9569359986266,1.0
844,CSAP4,2019,9,24,11,0.0,1.340000033378601,4.019999980926514,184.9569359986266,1.0
845,CSAP4,2019,9,24,12,0.0,1.340000033378601,2.2300000190734863,184.9569359986266,1.0
846,CSAP4,2019,9,24,12,0.0,1.340000033378601,2.2300000190734863,122.21541943867919,1.0
847,CSAP4,2019,9,24,13,0.0,1.7899999618530273,3.130000114440918,122.21541943867919,1.0
848,CSAP4,2019,9,24,14,0.0,2.2300000190734863,4.019999980926514,122.21541943867919,1.0
849,CSAP4,2019,9,24,15,0.0,4.019999980926514,7.150000095367432,122.21541943867919,1.0
850,CSAP4,2019,9,24,16,0.0,2.2300000190734863,5.369999885559082,122.21541943867919,1.0
851,CSAP4,2019,9,24,17,5.5880126953125,2.2300000190734863,5.809999942779541,122.21541943867919,1.0
852,CSAP4,2019,9,24,18,0.50799560546875,2.680000066757202,12.069999694824219,122.21541943867919,1.0
853,CSAP4,2019,9,24,18,0.50799560546875,2.680000066757202,12.069999694824219,79.27776308483067,1.0
854,CSAP4,2019,9,24,19,0.253997802734375,6.260000228881836,9.390000343322754,79.27776308483067,1.0
855,CSAP4,2019,9,24,20,0.0,4.920000076293945,6.699999809265137,79.27776308483067,1.0
856,CSAP4,2019,9,24,21,1.52398681640625,4.019999980926514,5.809999942779541,79.27776308483067,1.0
857,CSAP4,2019,9,24,22,3.048004150390625,2.2300000190734863,7.150000095367432,79.27776308483067,1.0
858,CSAP4,2019,9,24,22,3.048004150390625,2.2300000190734863,7.150000095367432,93.63871171726993,1.0
859,CSAP4,2019,9,24,23,14.477996826171875,3.130000114440918,4.46999979019165,93.63871171726993,1.0
860,CSAP4,2019,9,24,23,14.477996826171875,3.130000114440918,4.46999979019165,108.7208227096276,1.0
861,CSAP4,2019,9,25,0,14.985992431640625,0.8999999761581421,4.019999980926514,108.7208227096276,1.0
862,CSAP4,2019,9,25,0,14.985992431640625,0.8999999761581421,4.019999980926514,126.7998260870327,1.0
863,CSAP4,2019,9,25,1,7.620025634765625,2.2300000190734863,3.5799999237060547,126.7998260870327,1.0
864,CSAP4,2019,9,25,2,13.46197509765625,0.8999999761581421,3.5799999237060547,126.7998260870327,1.0
865,CSAP4,2019,9,25,3,3.555999755859375,4.920000076293945,9.84000015258789,126.7998260870327,1.0
866,CSAP4,2019,9,25,4,1.016021728515625,2.2300000190734863,5.809999942779541,126.7998260870327,1.0
867,CSAP4,2019,9,25,5,3.555999755859375,3.130000114440918,4.46999979019165,126.7998260870327,1.0
868,CSAP4,2019,9,25,6,0.50799560546875,1.7899999618530273,8.9399995803833,126.7998260870327,1.0
869,CSAP4,2019,9,25,6,0.50799560546875,1.7899999618530273,8.9399995803833,231.96202577327156,1.0
870,CSAP4,2019,9,25,7,3.048004150390625,1.7899999618530273,6.699999809265137,231.96202577327156,1.0
871,CSAP4,2019,9,25,8,0.0,0.0,3.130000114440918,231.96202577327156,1.0
872,CSAP4,2019,9,25,9,0.0,0.0,1.340000033378601,231.96202577327156,1.0
873,CSAP4,2019,9,25,10,0.0,0.44999998807907104,2.2300000190734863,231.96202577327156,1.0
874,CSAP4,2019,9,25,11,0.0,0.44999998807907104,1.7899999618530273,231.96202577327156,1.0
875,CSAP4,2019,9,25,12,0.0,0.8999999761581421,2.2300000190734863,231.96202577327156,1.0
